codigo_escola,codigo_municipio,sre,municipio,escola,localizacao,dependencia
17000017,1701002,ARAGUAINA,Ananás,COLEGIO ESTADUAL GETULIO VARGAS,Urbana,Estadual
17000041,1701002,ARAGUAINA,Ananás,ESCOLA ESTADUAL PRESIDENTE COSTA E SILVA,Rural,Estadual
17000068,1701002,ARAGUAINA,Ananás,ESCOLA MUNICIPAL LEONTINO PEREIRA DE SOUSA,Urbana,Municipal
17000106,1701002,ARAGUAINA,Ananás,ESCOLA MUNICIPAL JOAO DIAS BORGES,Urbana,Municipal
17000130,1701002,ARAGUAINA,Ananás,ESCOLA MUNICIPAL MINISTRO MARCOS FREIRE,Urbana,Municipal
17000173,1701002,ARAGUAINA,Ananás,ESCOLA ESTADUAL PAROQUIAL SAO PEDRO,Urbana,Estadual
17000270,1701051,TOCANTINOPOLIS,Angico,ESCOLA MUNICIPAL RAIMUNDO BARBOSA LIMA,Rural,Municipal
17000327,1702208,ARAGUATINS,Araguatins,COLEGIO ESTADUAL LEONIDAS GONCALVES DUARTE,Urbana,Estadual
17000335,1702208,ARAGUATINS,Araguatins,IFTO - CAMPUS ARAGUATINS,Rural,Federal
17000360,1702208,ARAGUATINS,Araguatins,COLEGIO ESTADUAL ATANAZIO DE MOURA SEIXAS,Rural,Estadual
17000378,1702208,ARAGUATINS,Araguatins,ESCOLA ESTADUAL GIRASSOL DE TEMPO INTEGRAL DENISE GOMIDE AMUI,Urbana,Estadual
17000386,1702208,ARAGUATINS,Araguatins,ESCOLA ESTADUAL OSVALDO FRANCO,Urbana,Estadual
17000424,1702208,ARAGUATINS,Araguatins,ESCOLA MUNICIPAL DE TEMPO INTEGRAL AURELIANO JOSE FERREIRA,Rural,Municipal
17000440,1702208,ARAGUATINS,Araguatins,ESCOLA MUNICIPAL BLANDINA SEIXAS,Rural,Municipal
17000661,1702208,ARAGUATINS,Araguatins,ESCOLA MUNICIPAL PROFª MARIA APARECIDA MOTA,Rural,Municipal
17000769,1702208,ARAGUATINS,Araguatins,ESCOLA MUNICIPAL PADRE VITORIO,Rural,Municipal
17000815,1702208,ARAGUATINS,Araguatins,ESCOLA MUNICIPAL PROFESSOR EDGARD TOLENTINO,Rural,Municipal
17000823,1702208,ARAGUATINS,Araguatins,ESC MUL DE 1º GRAU PROF MARIA DE LOURDES MILHOMEM FERNANDES,Urbana,Municipal
17000840,1702208,ARAGUATINS,Araguatins,ESCOLA MUNICIPAL DE TEMPO INTEGRAL PROFESSORA NAIR DUARTE,Urbana,Municipal
17000874,1702208,ARAGUATINS,Araguatins,ESCOLA MUNICIPAL RUY BARBOSA,Rural,Municipal
17000998,1702208,ARAGUATINS,Araguatins,ESCOLA ESTADUAL FREI SAVINO,Rural,Estadual
17001005,1702554,ARAGUATINS,Augustinópolis,COLEGIO ESTADUAL MANOEL VICENTE DE SOUZA,Urbana,Estadual
17001013,1702554,ARAGUATINS,Augustinópolis,ESCOLA ESTADUAL GIRASSOL DE TEMPO INTEGRAL AUGUSTINOPOLIS,Urbana,Estadual
17001021,1702554,ARAGUATINS,Augustinópolis,ESCOLA ESTADUAL FAZENDA DEZESSEIS,Rural,Estadual
17001030,1702554,ARAGUATINS,Augustinópolis,ESCOLA ESTADUAL SANTA GENOVEVA,Urbana,Estadual
17001048,1702554,ARAGUATINS,Augustinópolis,COLEGIO MILITAR DO ESTADO DO TOCANTINS LA SALLE,Urbana,Estadual
17001056,1702554,ARAGUATINS,Augustinópolis,ESCOLA MUNICIPAL DE TEMPO INTEGRAL BOA VISTA,Urbana,Municipal
17001072,1702554,ARAGUATINS,Augustinópolis,ESCOLA MUNICIPAL EMILIO MEDICI,Rural,Municipal
17001080,1702554,ARAGUATINS,Augustinópolis,ESCOLA MUNICIPAL JARBAS PASSARINHO,Rural,Municipal
17001102,1702554,ARAGUATINS,Augustinópolis,ESCOLA MUNICIPAL PEQUENO PRINCIPE,Urbana,Municipal
17001110,1702554,ARAGUATINS,Augustinópolis,ESC MUL PRES KENNEDY,Urbana,Municipal
17001161,1702901,ARAGUATINS,Axixá do Tocantins,COLEGIO ESTADUAL MARECHAL RIBAS JUNIOR,Urbana,Estadual
17001170,1702901,ARAGUATINS,Axixá do Tocantins,ESCOLA MUNICIPAL JOAO PAULO II,Urbana,Municipal
17001188,1702901,ARAGUATINS,Axixá do Tocantins,ESCOLA ESTADUAL GIRASSOL DE TEMPO INTEGRAL SAO FRANCISCO DE ASSIS,Urbana,Estadual
17001200,1702901,ARAGUATINS,Axixá do Tocantins,ESC MUL BOM JESUS,Urbana,Municipal
17001218,1702901,ARAGUATINS,Axixá do Tocantins,ESC MUL CENTRO DO BARROSO,Rural,Municipal
17001226,1702901,ARAGUATINS,Axixá do Tocantins,ESCOLA MULNICIPAL DOM PEDRO I,Rural,Municipal
17001234,1702901,ARAGUATINS,Axixá do Tocantins,ESC MUL DOM PEDRO II,Rural,Municipal
17001250,1702901,ARAGUATINS,Axixá do Tocantins,ESC MUL IRIS PEDRO DE OLIVEIRA,Urbana,Municipal
17001277,1702901,ARAGUATINS,Axixá do Tocantins,ESC MUL MARECHAL RONDON,Urbana,Municipal
17001285,1702901,ARAGUATINS,Axixá do Tocantins,ESC MUL MENINO JESUS,Rural,Municipal
17001293,1702901,ARAGUATINS,Axixá do Tocantins,ESC MUL PADRE IRTON,Urbana,Municipal
17001331,1702901,ARAGUATINS,Axixá do Tocantins,ESC MUL RUI BARBOSA,Rural,Municipal
17001358,1702901,ARAGUATINS,Axixá do Tocantins,ESC MUL SANTO ANTONIO,Rural,Municipal
17001374,1702901,ARAGUATINS,Axixá do Tocantins,ESC MUL SAO JOSE,Rural,Municipal
17001404,1702901,ARAGUATINS,Axixá do Tocantins,ESC MUL TIRADENTES,Rural,Municipal
17001439,1703800,ARAGUATINS,Buriti do Tocantins,COLEGIO ESTADUAL BURITI,Urbana,Estadual
17001455,1703800,ARAGUATINS,Buriti do Tocantins,ESCOLA ESTADUAL DE DARCINOPOLIS,Rural,Estadual
17001463,1703800,ARAGUATINS,Buriti do Tocantins,COLEGIO ESTADUAL PRESIDENTE TANCREDO DE ALMEIDA NEVES,Urbana,Estadual
17001471,1703800,ARAGUATINS,Buriti do Tocantins,ESCOLA ESTADUAL VICENTE CARLOS DE SOUZA,Urbana,Estadual
17001498,1703800,ARAGUATINS,Buriti do Tocantins,ESCOLA MUNICIPAL BURITI B,Urbana,Municipal
17001510,1703800,ARAGUATINS,Buriti do Tocantins,ESCOLA MUNICIPAL HENRIQUE ALVES GARCIA,Urbana,Municipal
17001536,1703800,ARAGUATINS,Buriti do Tocantins,ESCOLA MUNICIPAL LUIZ GONZAGA DE SOUSA,Urbana,Municipal
17001579,1703800,ARAGUATINS,Buriti do Tocantins,ESCOLA ESTADUAL MINISTRO NEY BRAGA,Rural,Estadual
17001595,1703826,TOCANTINOPOLIS,Cachoeirinha,ESCOLA ESTADUAL RAIMUNDO NONATO TORRES,Urbana,Estadual
17001625,1703826,TOCANTINOPOLIS,Cachoeirinha,ESCOLA MUL RUI BARBOSA,Urbana,Municipal
17001641,1703826,TOCANTINOPOLIS,Cachoeirinha,ESCOLA MUNICIPAL PEQUENO PRINCIPE,Urbana,Municipal
17001650,1703891,ARAGUATINS,Carrasco Bonito,ESCOLA ESTADUAL CICERO GOMES DE JESUS,Urbana,Estadual
17001668,1703891,ARAGUATINS,Carrasco Bonito,ESCOLA ESTADUAL INES VIANA COSTA,Rural,Estadual
17001706,1703891,ARAGUATINS,Carrasco Bonito,ESCOLA MUNICIPAL JOAO DEMETIL TOBIAS,Rural,Municipal
17001714,1703891,ARAGUATINS,Carrasco Bonito,ESCOLA MUNICIPAL ALINE MARTINS DE SOUSA,Urbana,Municipal
17001730,1706506,TOCANTINOPOLIS,Darcinópolis,COLEGIO ESTADUAL JOSE DE SOUZA PORTO,Urbana,Estadual
17001773,1706506,TOCANTINOPOLIS,Darcinópolis,ESCOLA MUNICIPAL D PEDRO I,Rural,Municipal
17001927,1706506,TOCANTINOPOLIS,Darcinópolis,ESCOLA MUNICIPAL VITOR DIAS,Urbana,Municipal
17001935,1707405,ARAGUATINS,Esperantina,ESCOLA ESTADUAL DR ULISSES GUIMARAES,Rural,Estadual
17001943,1710706,TOCANTINOPOLIS,Itaguatins,COLEGIO ESTADUAL OLAVO BILAC,Urbana,Estadual
17001994,1710706,TOCANTINOPOLIS,Itaguatins,ESC MUL ANGICO,Rural,Municipal
17002060,1710706,TOCANTINOPOLIS,Itaguatins,ESCOLA MUNICIPAL JAIME NUNES,Urbana,Municipal
17002109,1710706,TOCANTINOPOLIS,Itaguatins,ESCOLA MUNICIPAL MARIA SILVA BARRETO,Rural,Municipal
17002214,1710706,TOCANTINOPOLIS,Itaguatins,ESC MUL SAO DOMINGOS,Rural,Municipal
17002257,1710706,TOCANTINOPOLIS,Itaguatins,ESC MUL SAO LUIZ DAS PALMEIRAS,Rural,Municipal
17002338,1710706,TOCANTINOPOLIS,Itaguatins,ESC MUL STO ANTONIO DA CACHOEIRA,Urbana,Municipal
17002354,1710706,TOCANTINOPOLIS,Itaguatins,ESCOLA MUNICIPAL SUELY BARBOSA,Urbana,Municipal
17002370,1710706,TOCANTINOPOLIS,Itaguatins,ESCOLA MUNICIPAL TOCANTINS,Rural,Municipal
17002435,1712801,TOCANTINOPOLIS,Maurilândia do Tocantins,ESCOLA ESTADUAL PEDRO LUDOVICO TEIXEIRA,Urbana,Estadual
17002508,1712801,TOCANTINOPOLIS,Maurilândia do Tocantins,ESCOLA MUNICIPAL UNIAO DE TODOS,Rural,Municipal
17002567,1712801,TOCANTINOPOLIS,Maurilândia do Tocantins,ESCOLA INDIGENA PEPKRO,Rural,Estadual
17002591,1712801,TOCANTINOPOLIS,Maurilândia do Tocantins,ESCOLA MUNICIPAL CONSTANCIA DE MORAIS,Urbana,Municipal
17002648,1713809,TOCANTINOPOLIS,Palmeiras do Tocantins,COL EST RAIMUNDO NEIVA DE CARVALHO,Urbana,Estadual
17002737,1714302,TOCANTINOPOLIS,Nazaré,COLEGIO ESTADUAL PRESIDENTE CASTELO BRANCO,Urbana,Estadual
17002753,1720002,TOCANTINOPOLIS,Santa Terezinha do Tocantins,COL EST DR JOSE FELICIANO FERREIRA,Urbana,Estadual
17002770,1714302,TOCANTINOPOLIS,Nazaré,ESCOLA ESTADUAL PIACAVA,Rural,Estadual
17002877,1720002,TOCANTINOPOLIS,Santa Terezinha do Tocantins,ESCOLA MUNICIPAL ISABEL SANTANA DE FREITAS,Urbana,Municipal
17002907,1714302,TOCANTINOPOLIS,Nazaré,ESCOLA MUNICIPAL MARIANO MORAIS,Rural,Municipal
17002974,1714302,TOCANTINOPOLIS,Nazaré,ESC MUL 21 DE ABRIL,Urbana,Municipal
17003016,1720002,TOCANTINOPOLIS,Santa Terezinha do Tocantins,ESCOLA MUNICIPAL SAO PEDRO,Rural,Municipal
17003032,1714302,TOCANTINOPOLIS,Nazaré,ESCOLA MUNICIPAL SANTO ANTONIO,Rural,Municipal
17003075,1718303,ARAGUATINS,Praia Norte,COLEGIO ESTADUAL 1º DE JUNHO,Urbana,Estadual
17003083,1718303,ARAGUATINS,Praia Norte,ESCOLA ESTADUAL GENESIO GOMES,Urbana,Estadual
17003105,1718303,ARAGUATINS,Praia Norte,ESCOLA MUNICIPAL ALFREDO NASSER,Rural,Municipal
17003113,1718303,ARAGUATINS,Praia Norte,ESCOLA MUNICIPAL CAETANA DE MORAES COSTA,Rural,Municipal
17003156,1718303,ARAGUATINS,Praia Norte,ESCOLA MUNICIPAL GENESIO GOMES,Urbana,Municipal
17003180,1718303,ARAGUATINS,Praia Norte,ESCOLA MUNICIPAL JOSE LOPES DA SILVA,Rural,Municipal
17003229,1718303,ARAGUATINS,Praia Norte,ESCOLA MUNICIPAL REDENCAO,Rural,Municipal
17003237,1718303,ARAGUATINS,Praia Norte,ESCOLA MUNICIPAL RUI BARBOSA,Rural,Municipal
17003245,1718303,ARAGUATINS,Praia Norte,ESCOLA MUNICIPAL CASTELO BRANCO,Rural,Municipal
17003261,1718550,ARAGUAINA,Riachinho,ESCOLA ESTADUAL JOAO XXIII,Urbana,Estadual
17003393,1718550,ARAGUAINA,Riachinho,ESCOLA MUNICIPAL TANCREDO NEVES,Rural,Municipal
17003440,1718808,ARAGUATINS,Sampaio,ESCOLA ESTADUAL SAMPAIO,Urbana,Estadual
17003466,1718808,ARAGUATINS,Sampaio,ESCOLA MUNICIPAL 1º DE JUNHO,Urbana,Municipal
17003482,1718808,ARAGUATINS,Sampaio,ESCOLA MUNICIPAL ANTONIO FIRMINO DA SILVA,Rural,Municipal
17003512,1720101,ARAGUATINS,São Bento do Tocantins,COLEGIO ESTADUAL IRMAOS FILGUEIRAS,Urbana,Estadual
17003555,1720101,ARAGUATINS,São Bento do Tocantins,ESCOLA MUNICIPAL FELIPE JOSE DA SILVA,Rural,Municipal
17003580,1720101,ARAGUATINS,São Bento do Tocantins,ESCOLA MUNICIPAL JOSE MARIA PINHEIRO LOPES,Rural,Municipal
17003598,1720101,ARAGUATINS,São Bento do Tocantins,ESC MUL JOSE PEREIRA DE ARAUJO,Rural,Municipal
17003610,1720101,ARAGUATINS,São Bento do Tocantins,ESCOLA MUNICIPAL VITORIA DE FRANCA,Urbana,Municipal
17003644,1720200,ARAGUATINS,São Miguel do Tocantins,COLEGIO MILITAR DO ESTADO DO TOCANTINS - ESCOLA EST BELA VISTA,Rural,Estadual
17003652,1720200,ARAGUATINS,São Miguel do Tocantins,ESCOLA ESTADUAL SAO MIGUEL,Urbana,Estadual
17003660,1720200,ARAGUATINS,São Miguel do Tocantins,ESCOLA MUNICIPAL BELA VISTA,Rural,Municipal
17003679,1720200,ARAGUATINS,São Miguel do Tocantins,ESCOLA MUNICIPAL PROFESSORA FRANCISCA DAS CHAGAS SILVA MIRANDA,Rural,Municipal
17003709,1720200,ARAGUATINS,São Miguel do Tocantins,ESCOLA MUNICIPAL JOAO XXIII,Rural,Municipal
17003717,1720200,ARAGUATINS,São Miguel do Tocantins,ESCOLA MUNICIPAL JOAO PESSOA,Urbana,Municipal
17003725,1720200,ARAGUATINS,São Miguel do Tocantins,ESCOLA MUNICIPAL SAO RAIMUNDO,Rural,Municipal
17003741,1720200,ARAGUATINS,São Miguel do Tocantins,ESCOLA MUNICIPAL PESO DURO,Rural,Municipal
17003750,1720200,ARAGUATINS,São Miguel do Tocantins,ESCOLA MUNICIPAL BIANOR RODRIGUES BANDEIRA,Rural,Municipal
17003768,1720200,ARAGUATINS,São Miguel do Tocantins,ESCOLA MUNICIPAL PROFESSORA GERCINA SILVA DE ABREU,Rural,Municipal
17003776,1720200,ARAGUATINS,São Miguel do Tocantins,ESCOLA MUNICIPAL RUI BARBOSA,Rural,Municipal
17003784,1720200,ARAGUATINS,São Miguel do Tocantins,ESCOLA MUNICIPAL SETE BARRACAS,Rural,Municipal
17003806,1720200,ARAGUATINS,São Miguel do Tocantins,ESCOLA MUNICIPAL TURMA DA MONICA,Rural,Municipal
17003849,1720309,ARAGUATINS,São Sebastião do Tocantins,COLEGIO ESTADUAL IRIO OLIVEIRA SOUZA,Urbana,Estadual
17003857,1720309,ARAGUATINS,São Sebastião do Tocantins,COLEGIO ESTADUAL DR PEDRO LUDOVICO TEIXEIRA,Urbana,Estadual
17003938,1720309,ARAGUATINS,São Sebastião do Tocantins,ESCOLA MUNICIPAL GOIAS,Rural,Municipal
17003946,1720309,ARAGUATINS,São Sebastião do Tocantins,ESCOLA MUNICIPAL LETICIA CARNEIRO SOUZA,Urbana,Municipal
17003970,1720804,ARAGUATINS,Sítio Novo do Tocantins,ESCOLA ESTADUAL MAL RIBAS JUNIOR,Urbana,Estadual
17003997,1720804,ARAGUATINS,Sítio Novo do Tocantins,ESCOLA ESTADUAL MANOEL ESTEVAO DE SOUSA,Urbana,Estadual
17004012,1720804,ARAGUATINS,Sítio Novo do Tocantins,ESCOLA MUNICIPAL 14 DE OUTUBRO,Urbana,Municipal
17004039,1720804,ARAGUATINS,Sítio Novo do Tocantins,ESCOLA MUNICIPAL 7 DE SETEMBRO,Rural,Municipal
17004080,1720804,ARAGUATINS,Sítio Novo do Tocantins,ESCOLA MUNICIPAL DUQUE DE CAXIAS,Urbana,Municipal
17004101,1720804,ARAGUATINS,Sítio Novo do Tocantins,ESCOLA MUNICIPAL GETULIO VARGAS,Rural,Municipal
17004128,1720804,ARAGUATINS,Sítio Novo do Tocantins,ESCOLA MUNICIPAL JARBAS PASSARINHO,Rural,Municipal
17004144,1720804,ARAGUATINS,Sítio Novo do Tocantins,ESCOLA MUNICIPAL RUI BARBOSA,Urbana,Municipal
17004152,1720804,ARAGUATINS,Sítio Novo do Tocantins,ESCOLA MUNICIPAL SAO PEDRO,Rural,Municipal
17004209,1721208,TOCANTINOPOLIS,Tocantinópolis,COLEGIO ESTADUAL DOM ORIONE,Urbana,Estadual
17004217,1721208,TOCANTINOPOLIS,Tocantinópolis,CENTRO DE ENSINO MEDIO GIRASSOL DE TEMPO INTEGRAL DARCY MARINHO,Urbana,Estadual
17004241,1721208,TOCANTINOPOLIS,Tocantinópolis,ESCOLA MUNICIPAL 7 DE SETEMBRO,Rural,Municipal
17004268,1700301,TOCANTINOPOLIS,Aguiarnópolis,COLEGIO ESTADUAL GIRASSOL DE TEMPO INTEGRAL NAZARE NUNES DA SILVA,Urbana,Estadual
17004276,1721208,TOCANTINOPOLIS,Tocantinópolis,ESCOLA ESTADUAL INDIGENA KUNITIK,Rural,Estadual
17004284,1712454,TOCANTINOPOLIS,Luzinópolis,COLEGIO ESTADUAL JUSCELINO KUBITSCHEK DE OLIVEIRA,Urbana,Estadual
17004314,1721208,TOCANTINOPOLIS,Tocantinópolis,ESC EST GIRASSOL DE TEMPO INTEGRAL PROF ALDENORA ALVES CORREIA,Urbana,Estadual
17004322,1721208,TOCANTINOPOLIS,Tocantinópolis,ESCOLA ESTADUAL GIRASSOL DE TEMPO INTEGRAL XV DE NOVEMBRO,Urbana,Estadual
17004373,1721208,TOCANTINOPOLIS,Tocantinópolis,ESCOLA MUNICIPAL ALVINO NUNES DA SILVA,Rural,Municipal
17004390,1721208,TOCANTINOPOLIS,Tocantinópolis,ESCOLA MUNICIPAL ANTONIO FERNANDES DOS SANTOS,Rural,Municipal
17004594,1712454,TOCANTINOPOLIS,Luzinópolis,ESCOLA MUNICIPAL E CRECHE JARDIM BEIJA FLOR,Urbana,Municipal
17004616,1721208,TOCANTINOPOLIS,Tocantinópolis,PRE-ESCOLAR MAE EDUVIRGENS,Urbana,Municipal
17004632,1721208,TOCANTINOPOLIS,Tocantinópolis,ESCOLA MUNICIPAL NOVO AEROPORTO,Rural,Municipal
17004721,1721208,TOCANTINOPOLIS,Tocantinópolis,ESCOLA MUNICIPAL IRAIDES ALVES FERREIRA,Urbana,Municipal
17004756,1721208,TOCANTINOPOLIS,Tocantinópolis,ESCOLA MUNICIPAL TANCREDO DE ALMEIDA NEVES,Urbana,Municipal
17004780,1721208,TOCANTINOPOLIS,Tocantinópolis,ESCOLA MUNICIPAL WALFREDO CAMPOS MAIA,Urbana,Municipal
17004799,1721208,TOCANTINOPOLIS,Tocantinópolis,ESCOLA ESTADUAL PAROQUIAL CRISTO REI,Urbana,Estadual
17004810,1721208,TOCANTINOPOLIS,Tocantinópolis,ESCOLA MUNICIPAL MANOEL DE SOUSA LIMA,Rural,Municipal
17004829,1721208,TOCANTINOPOLIS,Tocantinópolis,ESCOLA INDIGENA MATYK,Rural,Estadual
17004918,1701309,ARAGUAINA,Aragominas,COLEGIO ESTADUAL GETULIO VARGAS,Urbana,Estadual
17004926,1701309,ARAGUAINA,Aragominas,ESC MUL GERALDO DA CUNHA FERREIRA,Urbana,Municipal
17004942,1702109,ARAGUAINA,Araguaína,ESCOLA ESPECIAL RAIOS DE LUZ - APAE,Urbana,Privada
17004950,1702109,ARAGUAINA,Araguaína,CENTRO DE ENSINO MEDIO PAULO FREIRE,Urbana,Estadual
17004977,1702109,ARAGUAINA,Araguaína,COLEGIO ESTADUAL ADOLFO BEZERRA DE MENEZES,Urbana,Estadual
17004985,1702109,ARAGUAINA,Araguaína,CENTRO DE ENSINO MEDIO BENJAMIM JOSE DE ALMEIDA,Urbana,Estadual
17004993,1702109,ARAGUAINA,Araguaína,COLEGIO ESTADUAL GUILHERME DOURADO,Urbana,Estadual
17005000,1702109,ARAGUAINA,Araguaína,CENTRO DE ENSINO MEDIO CASTELO BRANCO,Urbana,Estadual
17005019,1702109,ARAGUAINA,Araguaína,COLEGIO ESTADUAL RUI BARBOSA,Urbana,Estadual
17005027,1702109,ARAGUAINA,Araguaína,ESCOLA ESTADUAL GIRASSOL DE TEMPO INTEGRAL SANCHA FERREIRA,Urbana,Estadual
17005078,1702109,ARAGUAINA,Araguaína,ASSOCIACAO SANTA CRUZ DE ARAGUAINA,Urbana,Privada
17005094,1702109,ARAGUAINA,Araguaína,COLEGIO DE APLICACAO,Urbana,Estadual
17005132,1702109,ARAGUAINA,Araguaína,CRECHE MAE DE DEUS,Urbana,Privada
17005140,1702109,ARAGUAINA,Araguaína,CENTRO EDUCACIONAL INFANTIL MUNICIPAL ANTONIO RAIMUNDO COSTA,Urbana,Municipal
17005159,1702109,ARAGUAINA,Araguaína,CENTRO EDUCACIONAL INFANTIL MUNICIPAL NATALINA MARIA DE JESUS,Urbana,Municipal
17005167,1702109,ARAGUAINA,Araguaína,CENTRO EDUCACIONAL INFANTIL MUNICIPAL TEREZA HILARIO RIBEIRO,Urbana,Municipal
17005175,1702109,ARAGUAINA,Araguaína,CENTRO EDUCACIONAL INFANTIL MUNICIPAL WILLIAM CASTELO BRANCO MARTINS,Urbana,Municipal
17005183,1702109,ARAGUAINA,Araguaína,CRECHE NORMANDO SOUZA LINHARES,Urbana,Privada
17005191,1702109,ARAGUAINA,Araguaína,CENTRO EDUCACIONAL INFANTIL MUNICIPAL JOSE MARTINS SANTOS TENENTE,Urbana,Municipal
17005230,1702109,ARAGUAINA,Araguaína,ESCOLA ESTADUAL ESPIRITA ANDRE LUIZ,Urbana,Estadual
17005248,1702109,ARAGUAINA,Araguaína,COLEGIO ESTADUAL ADEMAR VICENTE FERREIRA SOBRINHO,Urbana,Estadual
17005264,1702109,ARAGUAINA,Araguaína,COLEGIO ESTADUAL CAMPOS BRASIL,Urbana,Estadual
17005280,1702109,ARAGUAINA,Araguaína,ESCOLA ESTADUAL PROFESSOR JOAO ALVES BATISTA,Urbana,Estadual
17005299,1702109,ARAGUAINA,Araguaína,ESCOLA ESTADUAL GIRASSOL DE TEMPO INTEGRAL DEPUTADO FEDERAL JOSE ALVES DE ASSIS,Urbana,Estadual
17005329,1702109,ARAGUAINA,Araguaína,ESCOLA ESTADUAL FRANCISCO MAXIMO DE SOUSA,Urbana,Estadual
17005337,1702109,ARAGUAINA,Araguaína,COLEGIO ESTADUAL PROFESSORA SILVANDIRA SOUSA LIMA,Urbana,Estadual
17005345,1702109,ARAGUAINA,Araguaína,COLEGIO ESTADUAL HENRIQUE CIRQUEIRA AMORIM,Urbana,Estadual
17005353,1702109,ARAGUAINA,Araguaína,ESC EST JOAO GUILHERME LEITE KUNZE,Urbana,Estadual
17005361,1702109,ARAGUAINA,Araguaína,ESCOLA MUNICIPAL JOAQUIM DE BRITO PARANAGUA,Urbana,Municipal
17005370,1702109,ARAGUAINA,Araguaína,COLEGIO ESTADUAL JORGE AMADO,Urbana,Estadual
17005396,1702109,ARAGUAINA,Araguaína,ESCOLA ESTADUAL MARECHAL RONDON,Urbana,Estadual
17005400,1702109,ARAGUAINA,Araguaína,ESCOLA ESTADUAL MANOEL GOMES DA CUNHA,Urbana,Estadual
17005426,1702109,ARAGUAINA,Araguaína,ESCOLA ESTADUAL MODELO,Urbana,Estadual
17005434,1702109,ARAGUAINA,Araguaína,ESCOLA MUNICIPAL MODERNA PROFESSORA MARIA DOS ANJOS CARREIRO,Urbana,Municipal
17005442,1702109,ARAGUAINA,Araguaína,ESCOLA ESTADUAL NORTE GOIANO,Urbana,Estadual
17005477,1702109,ARAGUAINA,Araguaína,ESCOLA ESTADUAL PROFESSOR ALFREDO NASSER,Urbana,Estadual
17005493,1702109,ARAGUAINA,Araguaína,COLEGIO ESTADUAL WELDER MARIA DE ABREU SALES,Urbana,Estadual
17005531,1702109,ARAGUAINA,Araguaína,ESCOLA MUNICIPAL MEU CASTELINHO,Urbana,Municipal
17005566,1702109,ARAGUAINA,Araguaína,ESCOLA MUNICIPAL AURELIO BUARQUE DE HOLANDA,Urbana,Municipal
17005582,1702109,ARAGUAINA,Araguaína,ESCOLA MUNICIPAL BENEDITO CANUTO BRAGA,Urbana,Municipal
17005620,1702109,ARAGUAINA,Araguaína,ESCOLA MUNICIPAL CABO LUZIMAR MACHADO,Urbana,Municipal
17005647,1702109,ARAGUAINA,Araguaína,ESCOLA MUNICIPAL CASEMIRO FERREIRA SOARES,Urbana,Municipal
17005728,1702109,ARAGUAINA,Araguaína,ESCOLA MUNICIPAL DR CESAR BELMINO BARBOSA EVANGELISTA,Urbana,Municipal
17005744,1702109,ARAGUAINA,Araguaína,ESCOLA MUNICIPAL DR SIMAO LUTZ KOSSOBUTZKI,Urbana,Municipal
17005752,1702109,ARAGUAINA,Araguaína,ESCOLA MUNICIPAL DUQUE DE CAXIAS,Rural,Municipal
17005760,1702109,ARAGUAINA,Araguaína,ESCOLA MUNICIPAL GENTIL FERREIRA BRITO,Urbana,Municipal
17005795,1702109,ARAGUAINA,Araguaína,ESCOLA MUNICIPAL JOSE DIAS CARNEIRO,Rural,Municipal
17005809,1702109,ARAGUAINA,Araguaína,ESCOLA MUNICIPAL JOSE NOGUEIRA,Rural,Municipal
17005817,1702109,ARAGUAINA,Araguaína,ESCOLA MUNICIPAL JOSE RIBEIRO DOS SANTOS,Rural,Municipal
17005825,1702109,ARAGUAINA,Araguaína,ESCOLA MUNICIPAL LEIA RAQUEL DIAS MOTA,Urbana,Municipal
17005850,1702109,ARAGUAINA,Araguaína,ESCOLA MUNICIPAL MANOEL LIRA,Urbana,Municipal
17005876,1702109,ARAGUAINA,Araguaína,ESCOLA MUNICIPAL CANDIDO BARREIRA GUIMARAES,Rural,Municipal
17005884,1702109,ARAGUAINA,Araguaína,ESCOLA MUNICIPAL MARIA DA CONCEICAO COSTA LUZ,Urbana,Municipal
17005949,1702109,ARAGUAINA,Araguaína,ESCOLA MUNICIPAL OLAVO BILAC,Urbana,Municipal
17005965,1702109,ARAGUAINA,Araguaína,ESCOLA MUNICIPAL PEDRO SEGUNDO DA ROCHA,Rural,Municipal
17005981,1702109,ARAGUAINA,Araguaína,ESCOLA MUNICIPAL PREFEITO JOAO DE SOUSA LIMA,Urbana,Municipal
17005990,1702109,ARAGUAINA,Araguaína,ESCOLA MUNICIPAL PROFESSORA JOSEFA DIAS DA SILVA,Urbana,Municipal
17006040,1702109,ARAGUAINA,Araguaína,ESCOLA MUNICIPAL SALOMAO CARDOSO,Urbana,Municipal
17006066,1702109,ARAGUAINA,Araguaína,ESCOLA MUNICIPAL SANTA TEREZA,Rural,Municipal
17006090,1702109,ARAGUAINA,Araguaína,ESCOLA PAROQUIAL SAO DOMINGOS,Urbana,Municipal
17006147,1702109,ARAGUAINA,Araguaína,ESCOLA MUNICIPAL SAO MIGUEL,Urbana,Municipal
17006155,1702109,ARAGUAINA,Araguaína,ESCOLA MUNICIPAL SAO VICENTE DE PAULA,Urbana,Municipal
17006171,1702109,ARAGUAINA,Araguaína,ESC MUL SANTA ROSA,Rural,Municipal
17006201,1702109,ARAGUAINA,Araguaína,ESCOLA MUNICIPAL TEREZA HILARIO RIBEIRO,Urbana,Municipal
17006210,1702109,ARAGUAINA,Araguaína,ESCOLA MUNICIPAL TOMAZ BATISTA,Urbana,Municipal
17006236,1702109,ARAGUAINA,Araguaína,ESCOLA MUNICIPAL UNIAO,Rural,Municipal
17006244,1702109,ARAGUAINA,Araguaína,ESCOLA MUNICIPAL VEREADOR RAIMUNDO FALCAO COELHO,Urbana,Municipal
17006260,1702109,ARAGUAINA,Araguaína,ESCOLA MUNICIPAL ZECA BARROS,Urbana,Municipal
17006279,1702109,ARAGUAINA,Araguaína,ESCOLA ESTADUAL PAROQUIAL LUIZ AUGUSTO,Urbana,Estadual
17006406,1702109,ARAGUAINA,Araguaína,CENTRO DE EDUCACAO E TECNOLOGIA DO SENAI ANTONIO FABIO RIBEIRO,Urbana,Privada
17006422,1702158,ARAGUAINA,Araguanã,ESCOLA ESTADUAL MACHADO DE ASSIS,Urbana,Estadual
17006430,1702158,ARAGUAINA,Araguanã,ESCOLA ESTADUAL SAO PEDRO,Urbana,Estadual
17006449,1702158,ARAGUAINA,Araguanã,ESCOLA MUNICIPAL JOSE DE ALENCAR,Rural,Municipal
17006473,1702158,ARAGUAINA,Araguanã,ESCOLA MUNICIPAL TIRADENTES,Urbana,Municipal
17006481,1702307,COLINAS DO TOCANTINS,Arapoema,COLEGIO ESTADUAL RUILON DIAS CARNEIRO,Urbana,Estadual
17006490,1702307,COLINAS DO TOCANTINS,Arapoema,CMEI IRMA RITA,Urbana,Municipal
17006503,1702307,COLINAS DO TOCANTINS,Arapoema,ESCOLA ESTADUAL ANTONIO DELFINO GUIMARAES,Urbana,Estadual
17006511,1703057,COLINAS DO TOCANTINS,Bandeirantes do Tocantins,ESCOLA ESTADUAL ARCELINO FRANCISCO DO NASCIMENTO,Urbana,Estadual
17006740,1703057,COLINAS DO TOCANTINS,Bandeirantes do Tocantins,ESCOLA MUNICIPAL VEREADOR OSMAR FRANCISCO GONZAGA,Rural,Municipal
17006759,1702307,COLINAS DO TOCANTINS,Arapoema,ESCOLA MUNICIPAL PROFESSOR FRANCISCO JOSE PEREIRA,Urbana,Municipal
17006783,1703057,COLINAS DO TOCANTINS,Bandeirantes do Tocantins,ESC MUL SAO JUDAS TADEU,Rural,Municipal
17006848,1703008,ARAGUAINA,Babaçulândia,COLEGIO ESTADUAL LEOPOLDO DE BULHOES,Urbana,Estadual
17006872,1703008,ARAGUAINA,Babaçulândia,ESCOLA ESTADUAL RUI BARBOSA,Urbana,Estadual
17007003,1703008,ARAGUAINA,Babaçulândia,ESCOLA MUNICIPAL BENJAMIM DE SOUSA PARENTE,Rural,Municipal
17007089,1703008,ARAGUAINA,Babaçulândia,ESCOLA MUNICIPAL JOSE BONIFACIO,Urbana,Municipal
17007216,1703008,ARAGUAINA,Babaçulândia,ESCOLA MUNICIPAL SAO FRANCISCO,Rural,Municipal
17007330,1703008,ARAGUAINA,Babaçulândia,ESCOLA MUNICIPAL SANTA PAZ,Rural,Municipal
17007429,1703883,ARAGUAINA,Carmolândia,ESC EST BARTOLOMEU BUENO DA SILVA,Urbana,Estadual
17007453,1703883,ARAGUAINA,Carmolândia,ESC MUL MARIO PEDRO DE OLIVEIRA,Urbana,Municipal
17007461,1703883,ARAGUAINA,Carmolândia,ESC MUL VIRGILINO BATISTA DOS SANTOS,Urbana,Municipal
17007470,1705508,COLINAS DO TOCANTINS,Colinas do Tocantins,COLEGIO ALBERT EINSTEIN,Urbana,Privada
17007488,1705508,COLINAS DO TOCANTINS,Colinas do Tocantins,ESCOLA ESTADUAL FRANCISCO PEREIRA FELICIO,Urbana,Estadual
17007496,1705508,COLINAS DO TOCANTINS,Colinas do Tocantins,CENTRO DE ENSINO MEDIO PRESIDENTE CASTELO BRANCO,Urbana,Estadual
17007500,1705508,COLINAS DO TOCANTINS,Colinas do Tocantins,COLEGIO MILITAR DO ESTADO DO TOCANTINS - JOAO XXIII,Urbana,Estadual
17007518,1705508,COLINAS DO TOCANTINS,Colinas do Tocantins,COLEGIO ESTADUAL GIRASSOL DE TEMPO INTEGRAL ERNESTO BARROS,Urbana,Estadual
17007526,1705508,COLINAS DO TOCANTINS,Colinas do Tocantins,ESCOLA ESTADUAL LACERDINO OLIVEIRA CAMPOS,Urbana,Estadual
17007593,1705508,COLINAS DO TOCANTINS,Colinas do Tocantins,ESCOLA MUNICIPAL CANTINHO DA ALEGRIA,Urbana,Municipal
17007607,1705508,COLINAS DO TOCANTINS,Colinas do Tocantins,ESCOLA MUNICIPAL PEDRO LUDOVICO TEIXEIRA,Urbana,Municipal
17007615,1705508,COLINAS DO TOCANTINS,Colinas do Tocantins,ESC MUL EURIPEDES BARSANULFO,Urbana,Municipal
17007631,1705508,COLINAS DO TOCANTINS,Colinas do Tocantins,ESCOLA MUNICIPAL JOSE TEODORO RODRIGUES,Urbana,Municipal
17007640,1705508,COLINAS DO TOCANTINS,Colinas do Tocantins,ESCOLA MUNICIPAL PROFESSOR ODIMAR LOPES DA SILVA,Urbana,Municipal
17007658,1705508,COLINAS DO TOCANTINS,Colinas do Tocantins,ESCOLA MUNICIPAL MARIA PEREIRA GUIMARAES,Urbana,Municipal
17007682,1705508,COLINAS DO TOCANTINS,Colinas do Tocantins,CMEI PARAISO CENTRO MUNICIPAL DE EDUCACAO INFANTIL PARAISO,Urbana,Municipal
17007690,1705508,COLINAS DO TOCANTINS,Colinas do Tocantins,ESCOLA MUNICIPAL PRIMAVERA,Urbana,Municipal
17007828,1705508,COLINAS DO TOCANTINS,Colinas do Tocantins,ESCOLA FAMILIA AGRICOLA ZE DE DEUS,Rural,Estadual
17007836,1705508,COLINAS DO TOCANTINS,Colinas do Tocantins,ESCOLA MUNICIPAL TEODOMIRO RODRIGUES DA ROCHA,Urbana,Municipal
17007852,1705508,COLINAS DO TOCANTINS,Colinas do Tocantins,ESCOLA ESTADUAL PRESBITERIANA DE COLINAS DO TOCANTINS,Urbana,Estadual
17007860,1705508,COLINAS DO TOCANTINS,Colinas do Tocantins,REDE DE ENSINO PROPOSITO - REP,Urbana,Privada
17007887,1707702,ARAGUAINA,Filadélfia,COLEGIO ESTADUAL PROFESSORA ANA FRANCISCA MARANHAO DE SOUSA,Urbana,Estadual
17007895,1707702,ARAGUAINA,Filadélfia,ESCOLA ESTADUAL ADEUVALDO DE OLIVEIRA MORAES,Urbana,Estadual
17007941,1707702,ARAGUAINA,Filadélfia,ESC MUL ABRAO BRAGA DA LUZ,Rural,Municipal
17007968,1707702,ARAGUAINA,Filadélfia,ESC MUL NOVA ALEGRIA,Rural,Municipal
17008131,1707702,ARAGUAINA,Filadélfia,ESC MUL CRIANCA ALEGRE,Rural,Municipal
17008255,1707702,ARAGUAINA,Filadélfia,ESC MUL JOAQUIM DIAS RIBEIRO,Rural,Municipal
17008492,1707702,ARAGUAINA,Filadélfia,ESC MUL PEDRO PEREIRA DE ALMEIDA,Rural,Municipal
17008719,1707702,ARAGUAINA,Filadélfia,ESC MUL TENENTE COSTA LEITE,Rural,Municipal
17008760,1707702,ARAGUAINA,Filadélfia,GRUPO ESCOLAR DONA MAURA LEAL VALADARES,Urbana,Municipal
17008786,1713957,ARAGUAINA,Muricilândia,ESCOLA ESTADUAL DE MURICILANDIA,Urbana,Estadual
17008794,1713957,ARAGUAINA,Muricilândia,COLEGIO ESTADUAL MARECHAL COSTA E SILVA,Urbana,Estadual
17008816,1713957,ARAGUAINA,Muricilândia,ESC MUL D PEDRO I,Rural,Municipal
17008824,1718865,ARAGUAINA,Santa Fé do Araguaia,ESCOLA MUNICIPAL DE TEMPO INTEGRAL EMANUEL,Rural,Municipal
17008832,1713957,ARAGUAINA,Muricilândia,ESC MUL NOVA MURICILANDIA,Urbana,Municipal
17008867,1714880,ARAGUAINA,Nova Olinda,COLEGIO ESTADUAL DOUTOR HELIO SOUZA BUENO,Urbana,Estadual
17008891,1714880,ARAGUAINA,Nova Olinda,ESCOLA MUNICIPAL PEDRO CHICOU DE ALENCAR,Urbana,Municipal
17008905,1714880,ARAGUAINA,Nova Olinda,ESCOLA ESTADUAL PROFESSORA HAMEDY CURY QUEIROZ,Urbana,Estadual
17009014,1714880,ARAGUAINA,Nova Olinda,ESCOLA MUNICIPAL LADISLAU DE OLIVEIRA,Urbana,Municipal
17009030,1714880,ARAGUAINA,Nova Olinda,ESCOLA MUNICIPAL MARIA LIRA,Urbana,Municipal
17009316,1715705,COLINAS DO TOCANTINS,Palmeirante,ESCOLA ESTADUAL JOAO AIRES GABRIEL,Urbana,Estadual
17009669,1716307,COLINAS DO TOCANTINS,Pau D'Arco,ESCOLA MUNICIPAL DOMINGAS RIBEIRO,Urbana,Municipal
17009707,1716307,COLINAS DO TOCANTINS,Pau D'Arco,ESCOLA MUNICIPAL POLIANA KENIA,Rural,Municipal
17009774,1717206,ARAGUAINA,Piraquê,ESCOLA ESTADUAL SAO JOSE,Urbana,Estadual
17009820,1717206,ARAGUAINA,Piraquê,ESCOLA MUNICIPAL DE TEMPO INTEGRAL PADRE ANTONIO,Urbana,Municipal
17009880,1718865,ARAGUAINA,Santa Fé do Araguaia,ESCOLA ESTADUAL ANAIDES BRITO MIRANDA,Urbana,Estadual
17009898,1718865,ARAGUAINA,Santa Fé do Araguaia,ESCOLA ESTADUAL CASTRO ALVES,Urbana,Estadual
17009987,1718865,ARAGUAINA,Santa Fé do Araguaia,ESCOLA MUNICIPAL DE TEMPO INTEGRAL SAO PAULO,Rural,Municipal
17010012,1722081,ARAGUAINA,Wanderlândia,ESCOLA ESTADUAL D PEDRO II,Urbana,Estadual
17010020,1722081,ARAGUAINA,Wanderlândia,COLEGIO ESTADUAL JOSE LUIZ SIQUEIRA,Urbana,Estadual
17010071,1722081,ARAGUAINA,Wanderlândia,ESCOLA MUNICIPAL CANDIDO ARAUJO,Rural,Municipal
17010136,1722081,ARAGUAINA,Wanderlândia,ESCOLA MUL ENGENHEIRO BERNARDO SAYAO,Rural,Municipal
17010195,1722081,ARAGUAINA,Wanderlândia,ESCOLA MUL JOSE HENRIQUE DOS SANTOS,Rural,Municipal
17010330,1722107,ARAGUAINA,Xambioá,ESCOLA ESTADUAL EURICO MOTA,Urbana,Estadual
17010365,1722107,ARAGUAINA,Xambioá,ESCOLA ESTADUAL PAROQUIAL SAO MIGUEL,Urbana,Estadual
17010390,1722107,ARAGUAINA,Xambioá,ESCOLA MUNICIPAL DOM CORNELIO CHIZZINI,Urbana,Municipal
17010403,1722107,ARAGUAINA,Xambioá,ESCOLA MUNICIPAL FRANCISCO OLIVEIRA,Urbana,Municipal
17010462,1722107,ARAGUAINA,Xambioá,COLEGIO ESTADUAL PROFESSORA JULIANA BARROS,Urbana,Estadual
17010500,1722107,ARAGUAINA,Xambioá,ESCOLA MUNICIPAL RUI BARBOSA,Rural,Municipal
17010519,1722107,ARAGUAINA,Xambioá,ESCOLA MUNICIPAL SEVERINO TEIXEIRA DA ROCHA,Urbana,Municipal
17010535,1700251,PARAISO,Abreulândia,COLEGIO ESTADUAL SAO PEDRO,Urbana,Estadual
17010748,1701903,PARAISO,Araguacema,COLEGIO ESTADUAL DE ARAGUACEMA,Urbana,Estadual
17010829,1701903,PARAISO,Araguacema,ESCOLA MUNICIPAL JOSE WILSON LEITE,Urbana,Municipal
17010926,1703107,PARAISO,Barrolândia,COLEGIO ESTADUAL PRESIDENTE TANCREDO NEVES,Urbana,Estadual
17010934,1703107,PARAISO,Barrolândia,ESC EST PRESIDENTE COSTA E SILVA,Urbana,Estadual
17010950,1703107,PARAISO,Barrolândia,ESCOLA ESTADUAL PAULINA CAMARA,Urbana,Estadual
17011396,1703206,COLINAS DO TOCANTINS,Bernardo Sayão,COLEGIO ESTADUAL BERNARDO SAYAO,Urbana,Estadual
17011485,1703206,COLINAS DO TOCANTINS,Bernardo Sayão,ESCOLA MUNICIPAL EVERTON DE ALMEIDA JUNIOR,Rural,Municipal
17011540,1703206,COLINAS DO TOCANTINS,Bernardo Sayão,ESCOLA MUNICIPAL SIMAO ALVES DE MOURA,Rural,Municipal
17011582,1703206,COLINAS DO TOCANTINS,Bernardo Sayão,ESCOLA MUNICIPAL CRIANCA FELIZ,Urbana,Municipal
17011590,1703602,COLINAS DO TOCANTINS,Brasilândia do Tocantins,COLEGIO ESTADUAL SEBASTIAO RODRIGUES SALES,Urbana,Estadual
17011698,1703602,COLINAS DO TOCANTINS,Brasilândia do Tocantins,ESCOLA MUNICIPAL PAULO VI,Urbana,Municipal
17011728,1703602,COLINAS DO TOCANTINS,Brasilândia do Tocantins,ESCOLA MUNICIPAL NESTOR PEREIRA DE SOUSA,Urbana,Municipal
17011736,1703909,PARAISO,Caseara,COLEGIO ESTADUAL TRAJANO DE ALMEIDA,Urbana,Estadual
17011744,1703909,PARAISO,Caseara,ESC EST JOSE ALVES DE ASSIS,Urbana,Estadual
17011752,1703909,PARAISO,Caseara,ESCOLA MUNICIPAL ARISTEU CAMARGO,Urbana,Municipal
17011787,1706001,GUARAI,Couto Magalhães,COLEGIO ESTADUAL ARCHANGELA MILHOMEM,Urbana,Estadual
17011795,1706001,GUARAI,Couto Magalhães,ESCOLA ESTADUAL ARLINDA ROSA,Urbana,Estadual
17011841,1706001,GUARAI,Couto Magalhães,ESC MUL CORDULINA COSTA REGO,Urbana,Municipal
17012104,1707108,PARAISO,Divinópolis do Tocantins,COLEGIO ESTADUAL JOAO DIAS SOBRINHO,Urbana,Estadual
17012112,1707108,PARAISO,Divinópolis do Tocantins,ESCOLA ESTADUAL DONA CANDIDA DE FREITAS,Urbana,Estadual
17012171,1707108,PARAISO,Divinópolis do Tocantins,ESCOLA MUNICIPAL ISABEL CARLOS WANDERLEY,Urbana,Municipal
17012180,1713700,PARAISO,Monte Santo do Tocantins,ESCOLA MUNICIPAL JOSE BENICIO MARIZ,Urbana,Municipal
17012295,1707108,PARAISO,Divinópolis do Tocantins,CENTRO EDUCACIONAL MUNICIPAL SANTA RITA DE CASSIA,Urbana,Municipal
17012325,1713700,PARAISO,Monte Santo do Tocantins,ESCOLA MUNICIPAL TOCANTINS,Urbana,Municipal
17012350,1707207,MIRACEMA DO TOCANTINS,Dois Irmãos do Tocantins,COLEGIO ESTADUAL PRESIDENTE CASTELO BRANCO,Urbana,Estadual
17012384,1707207,MIRACEMA DO TOCANTINS,Dois Irmãos do Tocantins,ESC MUL AURELIO BUARQUE,Rural,Municipal
17012589,1707207,MIRACEMA DO TOCANTINS,Dois Irmãos do Tocantins,ESCOLA MUNICIPAL GUIMARAES ROSA,Rural,Municipal
17012627,1707207,MIRACEMA DO TOCANTINS,Dois Irmãos do Tocantins,ESC MUL MACHADO DE ASSIS,Rural,Municipal
17012732,1707207,MIRACEMA DO TOCANTINS,Dois Irmãos do Tocantins,ESC MUL PETRONIO LIMA ARBUES,Urbana,Municipal
17012805,1707207,MIRACEMA DO TOCANTINS,Dois Irmãos do Tocantins,ESCOLA MUNICIPAL SINO DE OURO,Rural,Municipal
17012970,1708304,GUARAI,Goianorte,COLEGIO ESTADUAL ANTENOR BARREIRA,Urbana,Estadual
17012988,1708304,GUARAI,Goianorte,COLEGIO ESTADUAL MORRO DO MATO,Urbana,Estadual
17012996,1708304,GUARAI,Goianorte,ESCOLA MUNICIPAL CIDADE LEER,Rural,Municipal
17013160,1708304,GUARAI,Goianorte,ESCOLA MUNICIPAL DR JOSE RODRIGUES FERREIRA,Urbana,Municipal
17013356,1709302,GUARAI,Guaraí,COLEGIO COMERCIAL IMPACTO,Urbana,Privada
17013364,1709302,GUARAI,Guaraí,COLEGIO MILITAR DO ESTADO DO TOCANTINS - DONA ANAIDES BRITO MIRANDA,Urbana,Estadual
17013372,1709302,GUARAI,Guaraí,COLEGIO ESTADUAL RAIMUNDO ALENCAR LEAO,Urbana,Estadual
17013399,1709302,GUARAI,Guaraí,EDUCANDARIO MORANGUINHO,Urbana,Privada
17013410,1709302,GUARAI,Guaraí,COLEGIO ESTADUAL ANTONIO ALENCAR LEAO,Urbana,Estadual
17013429,1709302,GUARAI,Guaraí,ESCOLA ESTADUAL IRINEU ALBANO HENDGES,Urbana,Estadual
17013453,1709302,GUARAI,Guaraí,CENTRO DE ENSINO MEDIO OQUERLINA TORRES,Urbana,Estadual
17013461,1709302,GUARAI,Guaraí,ESCOLA MUNICIPAL SOSSEGO DA MAMAE,Urbana,Municipal
17013550,1716703,GUARAI,Colméia,ESCOLA MUNICIPAL CARLOS CHAGAS,Rural,Municipal
17013674,1709302,GUARAI,Guaraí,ESC MUL NUCLEO EUCLIDES DA CUNHA,Rural,Municipal
17013739,1709302,GUARAI,Guaraí,ESC MUL INTEG LEONCIO DE SOUSA MIRANDA,Urbana,Municipal
17013763,1709302,GUARAI,Guaraí,ESCOLA MUNICIPAL LUIZ DE CAMOES,Urbana,Municipal
17013976,1709302,GUARAI,Guaraí,ESC MUL NUCLEO SAO MIGUEL,Rural,Municipal
17014026,1709302,GUARAI,Guaraí,ESCOLA MUNICIPAL JK,Urbana,Municipal
17014034,1709302,GUARAI,Guaraí,ESCOLA MUNICIPAL PROFESSORA MARIA DO SOCORRO COELHO SILVA,Urbana,Municipal
17014042,1721257,PEDRO AFONSO,Tupirama,ESCOLA ESTADUAL GIRASSOL DE TEMPO INTEGRAL MARIA DA GLORIA,Urbana,Estadual
17014050,1711100,GUARAI,Itaporã do Tocantins,COLEGIO ESTADUAL FRANCISCA ALVES DE ALENCAR,Urbana,Estadual
17014298,1711803,COLINAS DO TOCANTINS,Juarina,COLEGIO ESTADUAL ZICO DORNELES,Urbana,Estadual
17014522,1712504,PARAISO,Marianópolis do Tocantins,COLEGIO ESTADUAL DAVID BARBOSA ROLINS,Urbana,Estadual
17014530,1712504,PARAISO,Marianópolis do Tocantins,ESC MUL AMAZILIO DE SOUZA RIBEIRO,Urbana,Municipal
17014646,1713205,MIRACEMA DO TOCANTINS,Miracema do Tocantins,COLEGIO MILITAR DO ESTADO DO TOCANTINS - SANTA TEREZINHA,Urbana,Estadual
17014654,1713205,MIRACEMA DO TOCANTINS,Miracema do Tocantins,COLEGIO ESTADUAL TOCANTINS,Urbana,Estadual
17014719,1713205,MIRACEMA DO TOCANTINS,Miracema do Tocantins,ESCOLA MUNICIPAL DE ENSINO FUNDAMENTAL BRIGADEIRO LISIAS RODRIGUES,Urbana,Municipal
17014727,1713205,MIRACEMA DO TOCANTINS,Miracema do Tocantins,CENTRO DE ENSINO MEDIO DONA FILOMENA MOREIRA DE PAULA,Urbana,Estadual
17014751,1713205,MIRACEMA DO TOCANTINS,Miracema do Tocantins,ESCOLA ESTADUAL JOSE DAMASCENO VASCONCELOS,Urbana,Estadual
17014760,1713205,MIRACEMA DO TOCANTINS,Miracema do Tocantins,ESCOLA ESTADUAL ONESINA BANDEIRA,Urbana,Estadual
17014778,1713205,MIRACEMA DO TOCANTINS,Miracema do Tocantins,ESCOLA ESTADUAL OSCAR SARDINHA,Urbana,Estadual
17014824,1713205,MIRACEMA DO TOCANTINS,Miracema do Tocantins,ESC MUNICIPAL DE EDUCACAO DO CAMPO BARTOLOMEU FRAGA,Rural,Municipal
17014867,1713205,MIRACEMA DO TOCANTINS,Miracema do Tocantins,ESCOLA MUNICIPAL DE EDUCACAO DO CAMPO BOANERGES MOREIRA DE PAULA,Rural,Municipal
17015324,1713205,MIRACEMA DO TOCANTINS,Miracema do Tocantins,ESC MUNICIPAL DE EDUCACAO DO CAMPO VALE DO TOCANTINS,Rural,Municipal
17015367,1713304,MIRACEMA DO TOCANTINS,Miranorte,COLEGIO ESTADUAL NOSSA SENHORA DA PROVIDENCIA,Urbana,Estadual
17015375,1713304,MIRACEMA DO TOCANTINS,Miranorte,CENTRO DE ENSINO MEDIO RUI BRASIL CAVALCANTE,Urbana,Estadual
17015464,1713304,MIRACEMA DO TOCANTINS,Miranorte,ESCOLA MUNICIPAL DE TEMPO INTEGRAL ANTONIO PEREIRA DE SOUSA,Urbana,Municipal
17015561,1713304,MIRACEMA DO TOCANTINS,Miranorte,ESCOLA MUNICIPAL DE TEMPO INTEGRAL GETULIO MUNDIM DE OLIVEIRA,Rural,Municipal
17015600,1713304,MIRACEMA DO TOCANTINS,Miranorte,ESCOLA MUNICIPAL DE TEMPO INTEGRAL FELIPE FAGUNDES DE CARVALHO,Urbana,Municipal
17015758,1713304,MIRACEMA DO TOCANTINS,Miranorte,ESCOLA MUNICIPAL DE TEMPO INTEGRAL SAO JOSE,Rural,Municipal
17015952,1716653,GUARAI,Pequizeiro,COLEGIO ESTADUAL 1º DE JUNHO,Urbana,Estadual
17015960,1716653,GUARAI,Pequizeiro,COLEGIO ESTADUAL BERNARDO SAYAO,Urbana,Estadual
17015979,1716653,GUARAI,Pequizeiro,ESCOLA MUNICIPAL AMAZONAS,Rural,Municipal
17016231,1716703,GUARAI,Colméia,COLEGIO ESTADUAL SERRA DAS CORDILHEIRAS,Urbana,Estadual
17016240,1716703,GUARAI,Colméia,ESCOLA ESTADUAL ARY RIBEIRO VALADAO FILHO,Urbana,Estadual
17016266,1716703,GUARAI,Colméia,ESCOLA MUNICIPAL MARECHAL HUMBERTO DE ALENCAR CASTELO BRANCO,Urbana,Municipal
17016282,1716703,GUARAI,Colméia,ESCOLA ESTADUAL JUSCELINO KUBITSCHECK DE OLIVEIRA,Rural,Estadual
17016819,1718402,GUARAI,Presidente Kennedy,COLEGIO ESTADUAL JUSCELINO KUBITSCHEK,Urbana,Estadual
17016932,1718709,MIRACEMA DO TOCANTINS,Rio dos Bois,COLEGIO ESTADUAL DOUTOR VALDECY PINHEIRO,Urbana,Estadual
17017033,1718709,MIRACEMA DO TOCANTINS,Rio dos Bois,ESCOLA MUNICIPAL PAULO FREIRE,Rural,Municipal
17017041,1721307,COLINAS DO TOCANTINS,Tupiratins,ESCOLA ESTADUAL SAO TOMAS DE AQUINO,Urbana,Estadual
17017068,1721307,COLINAS DO TOCANTINS,Tupiratins,ESC MUL ANTONIO DOS SANTOS SOBRINHO,Urbana,Municipal
17017157,1721307,COLINAS DO TOCANTINS,Tupiratins,ESCOLINHA MUL SOSSEGO DA MAMAE,Urbana,Municipal
17017165,1702000,GURUPI,Araguaçu,COLEGIO ESTADUAL JOAO TAVARES MARTINS,Urbana,Estadual
17017173,1702000,GURUPI,Araguaçu,ESCOLA MUNICIPAL ALDENORA MENDES MASCARENHAS,Urbana,Municipal
17017203,1702000,GURUPI,Araguaçu,ESCOLA ESTADUAL SALVADOR CAETANO,Urbana,Estadual
17017220,1702000,GURUPI,Araguaçu,ESCOLA MUNICIPAL ANGELO SIRIANO,Rural,Municipal
17017360,1702000,GURUPI,Araguaçu,ESCOLA MUNICIPAL MARTINIANO PEREIRA,Rural,Municipal
17017580,1702000,GURUPI,Araguaçu,ESCOLA MUNICIPAL BRICIO LUAN QUEIROZ DIVINO,Urbana,Municipal
17017645,1702000,GURUPI,Araguaçu,CEMEI - CENTRO EDUCACIONAL MUNICIPAL DE EDUCACAO INFANTIL IARA BARREIRA SILVA,Urbana,Municipal
17017653,1706100,PARAISO,Cristalândia,COLEGIO ESTADUAL DE CRISTALANDIA,Urbana,Estadual
17017718,1706100,PARAISO,Cristalândia,COLEGIO MILITAR DO ESTADO DO TOCANTINS OTACILIO MARQUES ROSAL,Urbana,Estadual
17017807,1718899,PORTO NACIONAL,Santa Rita do Tocantins,ESCOLA MUNICIPAL RURAL MENINO JESUS,Rural,Municipal
17017912,1707306,GURUPI,Dueré,COLEGIO ESTADUAL ELESBAO LIMA,Urbana,Estadual
17018030,1707306,GURUPI,Dueré,ESCOLA MUNICIPAL CECILIA DE ARAUJO MELO,Urbana,Municipal
17018048,1707306,GURUPI,Dueré,ESCOLA MUNICIPAL NOEME LUSTOSA BARROS,Urbana,Municipal
17018161,1707553,PORTO NACIONAL,Fátima,COLEGIO ESTADUAL CONCEICAO BRITO,Urbana,Estadual
17018188,1715507,PORTO NACIONAL,Oliveira de Fátima,ESCOLA ESTADUAL RIACHUELO,Urbana,Estadual
17018307,1707553,PORTO NACIONAL,Fátima,CENTRO MUNICIPAL DE EDUCACAO INFANTIL RAIO DE LUZ,Urbana,Municipal
17018382,1708205,GURUPI,Formoso do Araguaia,COLEGIO ESTADUAL BENEDITO PEREIRA BANDEIRA,Urbana,Estadual
17018390,1708205,GURUPI,Formoso do Araguaia,COLEGIO ESTADUAL TIRADENTES,Urbana,Estadual
17018404,1708205,GURUPI,Formoso do Araguaia,ESCOLA ESTADUAL GERCINA BORGES TEIXEIRA,Urbana,Estadual
17018510,1708205,GURUPI,Formoso do Araguaia,ESCOLA MUNICIPAL DOM ALANO,Urbana,Municipal
17018560,1708205,GURUPI,Formoso do Araguaia,ESCOLA MUNICIPAL HERMINIO AZEVEDO SOARES,Urbana,Municipal
17018641,1708205,GURUPI,Formoso do Araguaia,ESCOLA MUNICIPAL PROFESSOR JOAO QUEIROZ,Urbana,Municipal
17018820,1708205,GURUPI,Formoso do Araguaia,ESCOLA INDIGENA SANAWE,Rural,Estadual
17018994,1711902,PARAISO,Lagoa da Confusão,COLEGIO ESTADUAL LAGOA DA CONFUSAO,Urbana,Estadual
17019044,1711902,PARAISO,Lagoa da Confusão,ESC MUL PEDRO GUERRA,Urbana,Municipal
17019095,1715002,PARAISO,Nova Rosalândia,COLEGIO ESTADUAL VEREADOR PEDRO XAVIER TEIXEIRA,Urbana,Estadual
17019125,1715002,PARAISO,Nova Rosalândia,ESCOLA ESTADUAL GIRASSOL DE TEMPO INTEGRAL REGINA SIQUEIRA CAMPOS,Urbana,Estadual
17019133,1715002,PARAISO,Nova Rosalândia,ESCOLA MUNICIPAL ABRAO JOSE DE MELO,Urbana,Municipal
17019176,1716109,PARAISO,Paraíso do Tocantins,CENTRO DE ENS MEDIO JOSE ALVES DE ASSIS,Urbana,Estadual
17019184,1716109,PARAISO,Paraíso do Tocantins,ESCOLA ESTADUAL AMANCIO DE MORAES,Urbana,Estadual
17019192,1716109,PARAISO,Paraíso do Tocantins,COLEGIO ESTADUAL IDALINA DE PAULA,Urbana,Estadual
17019206,1716109,PARAISO,Paraíso do Tocantins,INSTITUTO PRESBITERIANO VALE DO TOCANTINS,Urbana,Estadual
17019265,1716109,PARAISO,Paraíso do Tocantins,ESCOLA ESTADUAL JUSCELINO KUBITSCHEK DE OLIVEIRA,Urbana,Estadual
17019290,1716109,PARAISO,Paraíso do Tocantins,COLEGIO ESTADUAL PROFESSOR JOSE NEZIO RAMOS,Urbana,Estadual
17019303,1716109,PARAISO,Paraíso do Tocantins,ESCOLA ESTADUAL SAO JOSE OPERARIO,Urbana,Estadual
17019338,1716109,PARAISO,Paraíso do Tocantins,ESCOLA MUNICIPAL BERNARDO SAYAO,Rural,Municipal
17019400,1716109,PARAISO,Paraíso do Tocantins,ESCOLA MUNICIPAL DE 1º GRAU 23 DE OUTUBRO,Urbana,Municipal
17019419,1716109,PARAISO,Paraíso do Tocantins,ESCOLA MUNICIPAL DE 1º GRAU POUSO ALEGRE,Urbana,Municipal
17019427,1716109,PARAISO,Paraíso do Tocantins,ESCOLA MUNICIPAL IRMA JULITA,Urbana,Municipal
17019435,1716109,PARAISO,Paraíso do Tocantins,ESCOLA MUNICIPAL PROFESSORA LUZIA TAVARES,Urbana,Municipal
17019451,1716109,PARAISO,Paraíso do Tocantins,ESCOLA MUNICIPAL DE 1º GRAU JARDIM PAULISTA,Urbana,Municipal
17019460,1718451,PARAISO,Pugmil,ESCOLA MUNICIPAL JOSE BATISTA MACIEL BASTOS,Urbana,Municipal
17019486,1716109,PARAISO,Paraíso do Tocantins,ESCOLA MUNICIPAL PEDRO LUDOVICO TEIXEIRA,Urbana,Municipal
17019672,1716109,PARAISO,Paraíso do Tocantins,ESC MUNICIPAL STA ROSA,Rural,Municipal
17019699,1716109,PARAISO,Paraíso do Tocantins,ESCOLA MUNICIPAL VEREADOR JOSE ODETE,Urbana,Municipal
17019710,1716109,PARAISO,Paraíso do Tocantins,ESCOLA RAIO DE SOL,Urbana,Privada
17019729,1717503,PARAISO,Pium,COL EST BARTOLOMEU BUENO,Urbana,Estadual
17019850,1717503,PARAISO,Pium,ESC MUL JOAO TEIXEIRA FILHO,Rural,Municipal
17019940,1717503,PARAISO,Pium,ESCOLA MUNICIPAL D LINDAURA OLIVEIRA MORAES,Urbana,Municipal
17020077,1717503,PARAISO,Pium,ESC MUNICIPAL SEBASTIAO MOURAO,Rural,Municipal
17020115,1717503,PARAISO,Pium,ESCOLA MUNICIPAL VEREADOR JOSE PINTO,Rural,Municipal
17020140,1718840,GURUPI,Sandolândia,COLEGIO ESTADUAL NOSSA SENHORA APARECIDA,Urbana,Estadual
17020158,1718840,GURUPI,Sandolândia,ESCOLA ESTADUAL PADRE JOSE DE ANCHIETA,Rural,Estadual
17020336,1700350,GURUPI,Aliança do Tocantins,COLEGIO ESTADUAL ANITA CASSIMIRO MORENO,Urbana,Estadual
17020360,1700350,GURUPI,Aliança do Tocantins,ESCOLA ESTADUAL NOSSA SENHORA DO CARMO,Urbana,Estadual
17020433,1700350,GURUPI,Aliança do Tocantins,ESCOLA MUN DUQUE DE CAXIAS,Urbana,Municipal
17020581,1700707,GURUPI,Alvorada,COLEGIO MILITAR DO ESTADO DO TOCANTINS - ADJULIO BALTHAZAR,Urbana,Estadual
17020590,1700707,GURUPI,Alvorada,COLEGIO ESTADUAL DE ALVORADA,Urbana,Estadual
17020603,1700707,GURUPI,Alvorada,ESCOLA MUNICIPAL DE ALVORADA,Urbana,Municipal
17020611,1700707,GURUPI,Alvorada,ESCOLA ESTADUAL ANA MARIA DE JESUS,Urbana,Estadual
17020646,1700707,GURUPI,Alvorada,COLEGIO JEAN PIAGET,Urbana,Privada
17020654,1700707,GURUPI,Alvorada,CENTRO MUNICIPAL DE EDUCACAO INFANTIL LIOMAR DE SOUZA BARROS,Urbana,Municipal
17020697,1700707,GURUPI,Alvorada,ESCOLA MUNICIPAL GERALDO OLIVEIRA COSTA,Urbana,Municipal
17020735,1700707,GURUPI,Alvorada,ESCOLA MUNICIPAL PROFESSORA FILOMENA ROCHA SOARES,Urbana,Municipal
17020824,1720978,GURUPI,Talismã,ESCOLA MUNICIPAL PROFESSOR ADAO GOMES DE MELO,Urbana,Municipal
17020867,1703701,PORTO NACIONAL,Brejinho de Nazaré,COLEGIO ESTADUAL PADRAO,Urbana,Estadual
17020875,1718899,PORTO NACIONAL,Santa Rita do Tocantins,ESCOLA ESTADUAL BOA NOVA,Urbana,Estadual
17020891,1703701,PORTO NACIONAL,Brejinho de Nazaré,ESC0LA ESTADUAL JONAS PEREIRA LIMA,Urbana,Estadual
17020999,1703701,PORTO NACIONAL,Brejinho de Nazaré,ESCOLA MUNICIPAL MALHADINHA,Rural,Municipal
17021057,1718899,PORTO NACIONAL,Santa Rita do Tocantins,ESCOLA MUNICIPAL RURAL PAREDAO,Rural,Municipal
17021103,1703701,PORTO NACIONAL,Brejinho de Nazaré,ESC MUL WANDA FERREIRA DA CUNHA,Urbana,Municipal
17021111,1703701,PORTO NACIONAL,Brejinho de Nazaré,ESCOLA MUNICIPAL NOVO HORIZONTE,Urbana,Municipal
17021146,1703867,GURUPI,Cariri do Tocantins,COLEGIO ESTADUAL TARSO DUTRA,Urbana,Estadual
17021243,1707652,GURUPI,Figueirópolis,COLEGIO ESTADUAL ALAIR SENA CONCEICAO,Urbana,Estadual
17021251,1707652,GURUPI,Figueirópolis,COLEGIO ESTADUAL CANDIDO FIGUEIRA,Urbana,Estadual
17021367,1707652,GURUPI,Figueirópolis,ESCOLA MUNICIPAL PROFESSORA EDILEUZA BARBOSA DA SILVA SANTOS,Urbana,Municipal
17021448,1707652,GURUPI,Figueirópolis,CENTRO MUNICIPAL DE EDUCACAO INFANTIL MARIA DA GLORIA CABRAL MORENO,Urbana,Municipal
17021502,1709500,GURUPI,Gurupi,CENTRO DE ENSINO MEDIO ARY RIBEIRO VALADAO FILHO,Urbana,Estadual
17021545,1709500,GURUPI,Gurupi,COLEGIO BERNARDO SAYAO DE GURUPI,Urbana,Privada
17021553,1709500,GURUPI,Gurupi,CENTRO DE ENSINO MEDIO DE GURUPI,Urbana,Estadual
17021561,1709500,GURUPI,Gurupi,COLEGIO ESTADUAL GIRASSOL DE TEMPO INTEGRAL JOSE SEABRA LEMOS,Urbana,Estadual
17021588,1709500,GURUPI,Gurupi,ESCOLA ESTADUAL DR JOAQUIM PEREIRA DA COSTA,Urbana,Estadual
17021596,1709500,GURUPI,Gurupi,COLEGIO ESTADUAL POSITIVO DE GURUPI,Urbana,Estadual
17021600,1709500,GURUPI,Gurupi,ESCOLA ESTADUAL PRESBITERIANO ARAGUAIA,Urbana,Estadual
17021618,1709500,GURUPI,Gurupi,CRECHE ESPIRITA PRE - ESCOLA MARIA MADALENA,Urbana,Privada
17021634,1709500,GURUPI,Gurupi,CENTRO EDUCACIONAL DE GURUPI,Urbana,Privada
17021685,1709500,GURUPI,Gurupi,CENTRO DE ENSINO MEDIO BOM JESUS,Urbana,Estadual
17021707,1709500,GURUPI,Gurupi,ESCOLA ESTADUAL VALDIR LINS,Urbana,Estadual
17021731,1709500,GURUPI,Gurupi,ESCOLA ESTADUAL HERCILIA CARVALHO DA SILVA,Urbana,Estadual
17021774,1709500,GURUPI,Gurupi,COLEGIO MILITAR DO ESTADO DO TOCANTINS PRESIDENTE COSTA E SILVA,Urbana,Estadual
17021804,1709500,GURUPI,Gurupi,ESCOLA ESTADUAL VILA GUARACY,Urbana,Estadual
17021820,1709500,GURUPI,Gurupi,ESCOLA MUNICIPAL ANTONIO DE ALMEIDA VERAS,Urbana,Municipal
17021898,1709500,GURUPI,Gurupi,ESCOLA MUNICIPAL DOMINGOS BARREIRA DE AMORIM,Urbana,Municipal
17021901,1718204,PORTO NACIONAL,Porto Nacional,ESCOLA MUNICIPAL DR EUVALDO TOMAZ DE SOUZA,Urbana,Municipal
17021936,1709500,GURUPI,Gurupi,ESCOLA MUNICIPAL GILBERTO REZENDE ROCHA FILHO,Urbana,Municipal
17021944,1709500,GURUPI,Gurupi,ESCOLA MUNICIPAL PROFESSOR JOEL FERREIRA SOARES,Urbana,Municipal
17021952,1709500,GURUPI,Gurupi,ESCOLA MUNICIPAL DE TEMPO INTEGRAL JOSE PEREIRA DA CRUZ,Urbana,Municipal
17021995,1709500,GURUPI,Gurupi,ESCOLA MUNICIPAL DE TEMPO INTEGRAL ODAIR LUCIO,Urbana,Municipal
17022002,1709500,GURUPI,Gurupi,ESCOLA MUNICIPAL ORLINDO PEREIRA DA MOTA,Urbana,Municipal
17022053,1709500,GURUPI,Gurupi,ESCOLA MUNICIPAL ANTONIO LINO DE SOUSA,Urbana,Municipal
17022070,1709500,GURUPI,Gurupi,ESCOLA MUNICIPAL DE TEMPO INTEGRAL BENEVENUTO ALVES MOREIRA,Rural,Municipal
17022088,1709500,GURUPI,Gurupi,ESCOLA MUNICIPAL VILA NOVA,Urbana,Municipal
17022142,1711506,GURUPI,Jaú do Tocantins,ESCOLA MUNICIPAL ANIZIO BRAGA,Rural,Municipal
17022177,1711506,GURUPI,Jaú do Tocantins,COLEGIO MUNICIPAL PEDRO LUIZ BONFIM,Urbana,Municipal
17022185,1711506,GURUPI,Jaú do Tocantins,ESCOLA MUNICIPAL LOURENCO BORGES,Rural,Municipal
17022312,1715754,GURUPI,Palmeirópolis,COLEGIO MILITAR DO ESTADO DO TOCANTINS - PROFESSORA MARIA GUEDES,Urbana,Estadual
17022320,1715754,GURUPI,Palmeirópolis,COLEGIO ESTADUAL PROFESSORA ONEIDES ROSA DE MOURA,Urbana,Estadual
17022339,1715754,GURUPI,Palmeirópolis,ESCOLA DE TECELAGEM ARTISTICA NOSSA SENHORA AUXILIADORA,Rural,Privada
17022436,1715754,GURUPI,Palmeirópolis,ESCOLA MUNICIPAL VILA BOM TEMPO,Urbana,Municipal
17022533,1715754,GURUPI,Palmeirópolis,ESCOLA MUNICIPAL ELDA SILVA BARROS,Urbana,Municipal
17022819,1716604,GURUPI,Peixe,COLEGIO ESTADUAL DOM ALANO,Urbana,Estadual
17022835,1716604,GURUPI,Peixe,ESCOLA MUNICIPAL JUSCELINO KUBITSCHEK DE OLIVEIRA,Urbana,Municipal
17022860,1716604,GURUPI,Peixe,ESCOLA ESTADUAL TANCREDO DE ALMEIDA NEVES,Urbana,Estadual
17022908,1720978,GURUPI,Talismã,ESCOLA MUNICIPAL MARIA RODRIGUES DOS SANTOS,Urbana,Municipal
17022983,1716604,GURUPI,Peixe,ESCOLA MUNICIPAL HERCULANO DE QUEIROZ,Rural,Municipal
17023092,1716604,GURUPI,Peixe,ESCOLA MUNICIPAL RUI SILVA,Rural,Municipal
17023181,1720259,GURUPI,São Salvador do Tocantins,COLEGIO AGRICOLA DOM BOSCO,Urbana,Privada
17023300,1720259,GURUPI,São Salvador do Tocantins,ESCOLA MUNICIPAL BRASIL PARA TODOS,Urbana,Municipal
17023319,1720853,GURUPI,Sucupira,ESCOLA ESTADUAL PROFESSORA DIVA GOMES DA SILVEIRA COSTA,Urbana,Estadual
17023343,1720853,GURUPI,Sucupira,ESCOLA MUNICIPAL MACHADO DE ASSIS,Urbana,Municipal
17023394,1701101,PALMAS,Aparecida do Rio Negro,ESCOLA ESTADUAL GIRASSOL DE TEMPO INTEGRAL MEIRA MATOS,Urbana,Estadual
17023530,1703305,PEDRO AFONSO,Bom Jesus do Tocantins,ESCOLA ESTADUAL ALFREDO NASSER,Urbana,Estadual
17023696,1703305,PEDRO AFONSO,Bom Jesus do Tocantins,ESCOLA MUNICIPAL MARIA LIMA BARBOSA GUARDA LUPE,Urbana,Municipal
17023793,1703305,PEDRO AFONSO,Bom Jesus do Tocantins,ESCOLA MUNICIPAL SANTA LUZIA,Rural,Municipal
17023840,1712009,PALMAS,Lajeado,CENTRO EDUCACIONAL INFANTIL DONA ANTONIA SALES MONTEIRO,Urbana,Municipal
17023858,1712009,PALMAS,Lajeado,COLEGIO ESTADUAL NOSSA SENHORA DA PROVIDENCIA,Urbana,Estadual
17023939,1713601,PORTO NACIONAL,Monte do Carmo,COLEGIO ESTADUAL PADRE GAMA,Urbana,Estadual
17023955,1713601,PORTO NACIONAL,Monte do Carmo,ESCOLA ESTADUAL GIRASSOL DE TEMPO INTEGRAL MESTRA BELA,Urbana,Estadual
17023980,1713601,PORTO NACIONAL,Monte do Carmo,ESC MUL DURVAL SILVA,Urbana,Municipal
17024226,1713601,PORTO NACIONAL,Monte do Carmo,ESC MUL MC-4,Rural,Municipal
17024285,1713601,PORTO NACIONAL,Monte do Carmo,CMEI VO MAE -QUINHA,Urbana,Municipal
17024307,1716505,PEDRO AFONSO,Pedro Afonso,COLEGIO ESTADUAL CRISTO REI,Urbana,Estadual
17024323,1716505,PEDRO AFONSO,Pedro Afonso,ESCOLA ESTADUAL ANA AMORIM,Urbana,Estadual
17024358,1716505,PEDRO AFONSO,Pedro Afonso,ESCOLA ESTADUAL GIRASSOL DE TEMPO INTEGRAL DE ANAJANOPOLIS,Rural,Estadual
17024374,1716505,PEDRO AFONSO,Pedro Afonso,CENTRO MUNICIPAL DE EDUCACAO INFANTIL-CEMEI MAE HELENA,Urbana,Municipal
17024390,1716505,PEDRO AFONSO,Pedro Afonso,ESCOLA MUNICIPAL BOA ESPERANCA,Rural,Municipal
17024781,1716505,PEDRO AFONSO,Pedro Afonso,ESCOLA MUNICIPAL JANDEVAM,Urbana,Municipal
17024790,1718204,PORTO NACIONAL,Porto Nacional,CEM PROFESSOR FLORENCIO AIRES,Urbana,Estadual
17024846,1718204,PORTO NACIONAL,Porto Nacional,COLEGIO SAGRADO CORACAO DE JESUS,Urbana,Privada
17024854,1718204,PORTO NACIONAL,Porto Nacional,ESCOLA ESTADUAL DE 1º GRAU ALFREDO NASSER,Rural,Estadual
17024862,1718204,PORTO NACIONAL,Porto Nacional,ESCOLA ESTADUAL ANA MACEDO MAIA,Urbana,Estadual
17024870,1718204,PORTO NACIONAL,Porto Nacional,ESCOLA ESTADUAL CARMENIA MATOS MAIA,Urbana,Estadual
17024889,1718204,PORTO NACIONAL,Porto Nacional,COLEGIO MILITAR DO ESTADO DO TOCANTINS - CUSTODIA DA SILVA PEDREIRA,Urbana,Estadual
17024897,1718204,PORTO NACIONAL,Porto Nacional,ESCOLA ESTADUAL DOM DOMINGOS CARREROT,Urbana,Estadual
17024919,1718204,PORTO NACIONAL,Porto Nacional,COLEGIO ESTADUAL DR PEDRO LUDOVICO TEIXEIRA,Urbana,Estadual
17024935,1709807,PORTO NACIONAL,Ipueiras,ESCOLA ESTADUAL ANA DE SOUZA PAIVA,Urbana,Estadual
17024951,1718204,PORTO NACIONAL,Porto Nacional,ESCOLA ESTADUAL GIRASSOL DE TEMPO INTEGRAL IRMA ASPASIA,Urbana,Estadual
17024960,1718204,PORTO NACIONAL,Porto Nacional,COLEGIO ESTADUAL MARECHAL ARTUR DA COSTA E SILVA,Urbana,Estadual
17025010,1718204,PORTO NACIONAL,Porto Nacional,ESCOLA ESTADUAL PROFESSORA ALCIDES RODRIGUES AIRES,Urbana,Estadual
17025052,1718204,PORTO NACIONAL,Porto Nacional,COLEGIO ESTADUAL ANGELICA RIBEIRO ARANHA,Urbana,Estadual
17025060,1718204,PORTO NACIONAL,Porto Nacional,ESCOLA MUNICIPAL ANTONIO BENEDITO BORGES,Rural,Municipal
17025117,1718204,PORTO NACIONAL,Porto Nacional,ESCOLA ESTADUAL BRASIL,Rural,Estadual
17025125,1718204,PORTO NACIONAL,Porto Nacional,ESCOLA MUNICIPAL CELSO ALVES MOURAO,Urbana,Municipal
17025176,1718204,PORTO NACIONAL,Porto Nacional,ESCOLA MUNICIPAL EULINA BRAGA,Rural,Municipal
17025184,1718204,PORTO NACIONAL,Porto Nacional,ESCOLA MUNICIPAL FAUSTINO DIAS DOS SANTOS,Rural,Municipal
17025206,1718204,PORTO NACIONAL,Porto Nacional,CENTRO DE ENSINO MEDIO FELIX CAMOA I,Urbana,Estadual
17025346,1709807,PORTO NACIONAL,Ipueiras,ESC MUL MARIA ANGELICA MARTINS DE SOUSA,Rural,Municipal
17025583,1718204,PORTO NACIONAL,Porto Nacional,ESCOLA CAMINHO CERTO EIRELI-ME,Urbana,Privada
17025605,1718204,PORTO NACIONAL,Porto Nacional,ESCOLA MUNICIPAL DIVINO ESPIRITO SANTO,Urbana,Municipal
17025613,1718204,PORTO NACIONAL,Porto Nacional,ESCOLA MUNICIPAL DELZA DA PAIXAO PEREIRA,Urbana,Municipal
17025621,1718881,PEDRO AFONSO,Santa Maria do Tocantins,COLEGIO ESTADUAL GIRASSOL DE TEMPO INTEGRAL SANTA MARIA,Urbana,Estadual
17025885,1720655,PORTO NACIONAL,Silvanópolis,COLEGIO ESTADUAL JOAO DA SILVA GUIMARAES,Urbana,Estadual
17025915,1720655,PORTO NACIONAL,Silvanópolis,ESCOLA MUNICIPAL RURAL DIRCEU BONANCIM,Rural,Municipal
17025923,1720655,PORTO NACIONAL,Silvanópolis,ESC EST GIRASSOL DE TEMPO INTEGRAL JOAO PIRES QUERIDO,Urbana,Estadual
17026156,1721000,PALMAS,Palmas,COLEGIO ULBRA PALMAS,Urbana,Privada
17026164,1721000,PALMAS,Palmas,COLEGIO MILITAR DO ESTADO DO TOCANTINS - SENADOR ANTONIO LUIZ MAYA,Urbana,Estadual
17026172,1721000,PALMAS,Palmas,CENTRO DE ENSINO MEDIO SANTA RITA DE CASSIA,Urbana,Estadual
17026180,1721000,PALMAS,Palmas,ESCOLA MUNICIPAL CRISPIM PEREIRA ALENCAR,Urbana,Municipal
17026199,1721000,PALMAS,Palmas,ESCOLA MUNICIPAL THIAGO BARBOSA,Urbana,Municipal
17026229,1721000,PALMAS,Palmas,CENTRO DE ENSINO MEDIO TIRADENTES,Urbana,Estadual
17026237,1721000,PALMAS,Palmas,COLEGIO DOM BOSCO ORIGINAL,Urbana,Privada
17026245,1718204,PORTO NACIONAL,Porto Nacional,ESCOLA ESTADUAL BEIRA RIO,Rural,Estadual
17026253,1721000,PALMAS,Palmas,COLEGIO ESTADUAL CRIANCA ESPERANCA,Urbana,Estadual
17026261,1721000,PALMAS,Palmas,ESCOLA ESTADUAL VILA UNIAO,Urbana,Estadual
17026270,1721000,PALMAS,Palmas,COLEGIO ESTADUAL DOM ALANO MARIE DU NODAY,Urbana,Estadual
17026288,1721000,PALMAS,Palmas,COLEGIO ESTADUAL DUQUE DE CAXIAS,Urbana,Estadual
17026296,1721000,PALMAS,Palmas,ESCOLA ESTADUAL FREDERICO JOSE PEDREIRA NETO,Urbana,Estadual
17026300,1721000,PALMAS,Palmas,ESCOLA ESTADUAL LIBERDADE,Urbana,Estadual
17026334,1721000,PALMAS,Palmas,ESCOLA ESTADUAL NOVO HORIZONTE,Urbana,Estadual
17026342,1721000,PALMAS,Palmas,ESCOLA ESTADUAL MARCIA BARBOSA CASTRO,Urbana,Estadual
17026350,1721000,PALMAS,Palmas,COLEGIO ESTADUAL SAO JOSE,Urbana,Estadual
17026369,1721000,PALMAS,Palmas,ESCOLA ESTADUAL SETOR SUL,Urbana,Estadual
17026377,1721000,PALMAS,Palmas,ESCOLA ESTADUAL VALE DO SOL,Urbana,Estadual
17026423,1721000,PALMAS,Palmas,ESCOLA MUNICIPAL DE TEMPO INTEGRAL APRIGIO THOMAZ DE MATOS,Rural,Municipal
17026440,1721000,PALMAS,Palmas,ESCOLA MUNICIPAL BENEDITA GALVAO,Urbana,Municipal
17026458,1721000,PALMAS,Palmas,ESCOLA MUNICIPAL DE TEMPO INTEGRAL PROFESSORA SUELI PEREIRA DE ALMEIDA RECHE,Rural,Municipal
17026512,1721000,PALMAS,Palmas,ESCOLA MUNICIPAL LUIZ GONZAGA,Urbana,Municipal
17026520,1721000,PALMAS,Palmas,ESCOLA MUNICIPAL PROF ROSEMIR FERNANDES DE SOUSA,Urbana,Municipal
17026539,1721000,PALMAS,Palmas,ESCOLA MUNICIPAL DARCY RIBEIRO,Urbana,Municipal
17026547,1721000,PALMAS,Palmas,ESCOLA MUNICIPAL DANIEL BATISTA,Urbana,Municipal
17026563,1721000,PALMAS,Palmas,ESCOLA MUNICIPAL ESTEVAO CASTRO,Urbana,Municipal
17026610,1721000,PALMAS,Palmas,ESCOLA MUNICIPAL AURELIO BUARQUE DE HOLANDA,Urbana,Municipal
17026628,1721000,PALMAS,Palmas,ESCOLA MUNICIPAL DE TEMPO INTEGRAL JOAO BELTRAO,Rural,Municipal
17026652,1712009,PALMAS,Lajeado,ESC MUL JUSCELINO KUBITSCHEK,Rural,Municipal
17026660,1721000,PALMAS,Palmas,ESCOLA MUNICIPAL DE TEMPO INTEGRAL VINICIUS DE MORAES,Urbana,Municipal
17026679,1721000,PALMAS,Palmas,ESCOLA MUNICIPAL DE TEMPO INTEGRAL LUIZ NUNES DE OLIVEIRA,Rural,Municipal
17026687,1721000,PALMAS,Palmas,ESCOLA MUNICIPAL DE TEMPO INTEGRAL MARCOS FREIRE,Rural,Municipal
17026792,1721000,PALMAS,Palmas,ESCOLA MUNICIPAL PR PAULO LEIVAS MACALAO,Urbana,Municipal
17026873,1721000,PALMAS,Palmas,ESCOLA MUNICIPAL OLGA BENARIO,Urbana,Municipal
17026890,1721000,PALMAS,Palmas,ESCOLA MUNICIPAL DE TEMPO INTEGRAL LUIZ RODRIGUES MONTEIRO,Urbana,Municipal
17026920,1721109,MIRACEMA DO TOCANTINS,Tocantínia,COLEGIO ESTADUAL BATISTA PROFESSORA BEATRIZ RODRIGUES DA SILVA,Urbana,Estadual
17026946,1721109,MIRACEMA DO TOCANTINS,Tocantínia,CENTRO EDUCACIONAL GIRASSOL DE TEMPO INTEGRAL FE E ALEGRIA FREI ANTONIO,Urbana,Estadual
17026962,1721109,MIRACEMA DO TOCANTINS,Tocantínia,ESCOLA INDIGENA SINA,Rural,Estadual
17027004,1721109,MIRACEMA DO TOCANTINS,Tocantínia,ESC INDIGENA SREWASA,Rural,Estadual
17027012,1721109,MIRACEMA DO TOCANTINS,Tocantínia,ESCOLA INDIGENA KUMNKAWE,Rural,Estadual
17027020,1721109,MIRACEMA DO TOCANTINS,Tocantínia,ESCOLA INDIGENA KAREHU,Rural,Estadual
17027039,1721109,MIRACEMA DO TOCANTINS,Tocantínia,ESCOLA INDIGENA KASUWAMRI - ALDEIA NOVA,Rural,Estadual
17027055,1721109,MIRACEMA DO TOCANTINS,Tocantínia,ESCOLA MUNICIPAL ANA ALVES DE BRITO,Rural,Municipal
17027063,1721109,MIRACEMA DO TOCANTINS,Tocantínia,ESCOLA INDIGENA WAZASE,Rural,Estadual
17027071,1721109,MIRACEMA DO TOCANTINS,Tocantínia,ESC INDIGENA WAKUKE,Rural,Estadual
17027110,1721109,MIRACEMA DO TOCANTINS,Tocantínia,ESCOLA INDIGENA SUZAWRE,Rural,Estadual
17027217,1721109,MIRACEMA DO TOCANTINS,Tocantínia,ESCOLA INDIGENA KWATEPO,Rural,Estadual
17027225,1721109,MIRACEMA DO TOCANTINS,Tocantínia,ESCOLA INDIGENA DBATOPRE,Rural,Estadual
17027233,1721109,MIRACEMA DO TOCANTINS,Tocantínia,ESCOLA INDIGENA SREMTOWE,Rural,Estadual
17027241,1721109,MIRACEMA DO TOCANTINS,Tocantínia,ESCOLA INDIGENA SAKRUIWE,Rural,Estadual
17027268,1721109,MIRACEMA DO TOCANTINS,Tocantínia,ESCOLA INDIGENA WAIKARNASE,Rural,Estadual
17027330,1721109,MIRACEMA DO TOCANTINS,Tocantínia,ESCOLA INDIGENA SKRAWE,Rural,Estadual
17027420,1721109,MIRACEMA DO TOCANTINS,Tocantínia,ESCOLA INDIGENA WAIKAZATE,Rural,Estadual
17027519,1703842,ARAGUAINA,Campos Lindos,ESC MUL BOM JESUS,Rural,Municipal
17027535,1703842,ARAGUAINA,Campos Lindos,ESC MUL DUARTE ARAUJO,Rural,Municipal
17027608,1703842,ARAGUAINA,Campos Lindos,ESCOLA ESTADUAL MANOEL ALVES GRANDE,Urbana,Estadual
17027667,1703842,ARAGUAINA,Campos Lindos,ESC MUL JOSE RAMOS DE SOUSA,Rural,Municipal
17027675,1703842,ARAGUAINA,Campos Lindos,ESCOLA MUNICIPAL SANTA LUZ,Rural,Municipal
17027691,1703842,ARAGUAINA,Campos Lindos,ESC MUL ARCANJO SOARES,Rural,Municipal
17027705,1704105,PEDRO AFONSO,Centenário,COLEGIO ESTADUAL OTONIEL CAVALCANTE DE JESUS,Urbana,Estadual
17027853,1704105,PEDRO AFONSO,Centenário,ESCOLA MUNICIPAL GUSTAVO COSTA,Urbana,Municipal
17027993,1709005,ARAGUAINA,Goiatins,COLEGIO ESTADUAL ADA DE ASSIS TEIXEIRA,Urbana,Estadual
17028000,1703073,ARAGUAINA,Barra do Ouro,ESCOLA ESTADUAL PROFESSOR VICENTE JOSE VIEIRA,Urbana,Estadual
17028027,1703073,ARAGUAINA,Barra do Ouro,ESCOLA ESTADUAL BREJAO,Rural,Estadual
17028221,1709005,ARAGUAINA,Goiatins,ESC MUL HONORATO JOSE DA CRUZ,Rural,Municipal
17028230,1703073,ARAGUAINA,Barra do Ouro,ESCOLA MUNICIPAL NEMESIO MENDES DE MIRANDA,Rural,Municipal
17028361,1709005,ARAGUAINA,Goiatins,ESC MUL PROF ALFREDO NASSER,Urbana,Municipal
17028396,1709005,ARAGUAINA,Goiatins,ESCOLA MUNICIPAL JOAO LEMES DUARTE,Rural,Municipal
17028493,1709005,ARAGUAINA,Goiatins,ESCOLA INDIGENA CROKROC,Rural,Estadual
17028507,1709005,ARAGUAINA,Goiatins,ESCOLA ESTADUAL INDIGENA TARO HACRO,Rural,Estadual
17028515,1709005,ARAGUAINA,Goiatins,ESCOLA INDIGENA TXUALET,Rural,Estadual
17028582,1709005,ARAGUAINA,Goiatins,ESC MUL GREGORIO DE ASSIS,Rural,Municipal
17028612,1709005,ARAGUAINA,Goiatins,ESCOLA MUNICIPAL PEDRO BENTO DA LUZ,Rural,Municipal
17028736,1709005,ARAGUAINA,Goiatins,ESC MUL JOSE DE CARVALHO,Rural,Municipal
17028744,1709005,ARAGUAINA,Goiatins,ESC MUL MAURICIO DE ANDRADE,Rural,Municipal
17028795,1710508,PEDRO AFONSO,Itacajá,COLEGIO ESTADUAL DE ITACAJA,Urbana,Estadual
17028809,1710508,PEDRO AFONSO,Itacajá,ESCOLA ESTADUAL ALMEIDA SARDINHA,Urbana,Estadual
17028914,1710508,PEDRO AFONSO,Itacajá,ESCOLA MUNICIPAL ANTONIO VALENTIM,Rural,Municipal
17028957,1710508,PEDRO AFONSO,Itacajá,ESCOLA MUNICIPAL MARIA EVILY CHAVES DA SILVA,Rural,Municipal
17029074,1710508,PEDRO AFONSO,Itacajá,ESCOLA MUNICIPAL CANTINHO,Rural,Municipal
17029198,1710508,PEDRO AFONSO,Itacajá,ESCOLA MUNICIPAL TANCREDO NEVES,Urbana,Municipal
17029341,1709005,ARAGUAINA,Goiatins,ESCOLA INDIGENA 19 DE ABRIL,Rural,Estadual
17029368,1710508,PEDRO AFONSO,Itacajá,ESCOLA ESTADUAL INDIGENA FORNO VELHO,Rural,Estadual
17029376,1710508,PEDRO AFONSO,Itacajá,ESCOLA ESTADUAL INDIGENA MORRO DO BOI,Rural,Estadual
17029384,1710508,PEDRO AFONSO,Itacajá,ESCOLA ESTADUAL INDIGENA SANTA CRUZ,Rural,Estadual
17029392,1710904,COLINAS DO TOCANTINS,Itapiratins,ESCOLA MUNICIPAL PRE-ESCOLA SOSSEGO DA MAMAE,Urbana,Municipal
17029449,1710904,COLINAS DO TOCANTINS,Itapiratins,ESCOLA ESTADUAL REZENDE DE ALMEIDA,Urbana,Estadual
17029732,1710904,COLINAS DO TOCANTINS,Itapiratins,ESCOLA MUNICIPAL PROFESSOR HERMES DA SILVA PIRES,Urbana,Municipal
17029864,1711951,PALMAS,Lagoa do Tocantins,ESCOLA ESTADUAL SALMON DO AMARAL BRITO,Urbana,Estadual
17029872,1712405,MIRACEMA DO TOCANTINS,Lizarda,COLEGIO ESTADUAL 31 DE MARCO,Urbana,Estadual
17030234,1712405,MIRACEMA DO TOCANTINS,Lizarda,ESC MUL SANTA LUZIA,Rural,Municipal
17030404,1712405,MIRACEMA DO TOCANTINS,Lizarda,ESCOLA MUNICIPAL IMACULADA CONCEICAO,Urbana,Municipal
17030412,1712702,PALMAS,Mateiros,ESCOLA ESTADUAL ESTEFANIO TELES DAS CHAGAS,Urbana,Estadual
17030439,1712702,PALMAS,Mateiros,ESCOLA MUNICIPAL BOA ESPERANCA,Rural,Municipal
17030455,1712702,PALMAS,Mateiros,ESCOLA MUNICIPAL DONA ISABEL BARREIRA DE OLIVEIRA,Rural,Municipal
17030463,1712702,PALMAS,Mateiros,ESCOLA MUNICIPAL GALHAO,Rural,Municipal
17030528,1715101,PALMAS,Novo Acordo,COLEGIO ESTADUAL PROFESSORA ELIACENA MOURA LEITAO,Urbana,Estadual
17030773,1715101,PALMAS,Novo Acordo,ESCOLA MUNICIPAL SAO RAIMUNDO I,Rural,Municipal
17030811,1717909,PORTO NACIONAL,Ponte Alta do Tocantins,COLEGIO ESTADUAL ODOLFO SOARES,Urbana,Estadual
17030838,1717909,PORTO NACIONAL,Ponte Alta do Tocantins,ESCOLA ESTADUAL ALCIDES RUFO,Urbana,Estadual
17031150,1717909,PORTO NACIONAL,Ponte Alta do Tocantins,CENTRO MUL DE EDUCACAO INFANTIL RECANTO DO SABER,Urbana,Municipal
17031176,1718501,PEDRO AFONSO,Recursolândia,ESCOLA REUNIDA RECURSO,Urbana,Estadual
17031257,1718501,PEDRO AFONSO,Recursolândia,ESCOLA MUNICIPAL PROFESSOR SALOMAO FONSECA,Rural,Municipal
17031362,1718501,PEDRO AFONSO,Recursolândia,ESCOLA MUNICIPAL TABOCAL,Rural,Municipal
17031540,1718758,PALMAS,Rio Sono,COLEGIO ESTADUAL RIO SONO PROFESSORA ALDENY DE CASTRO ALEXANDRE,Urbana,Estadual
17031559,1718758,PALMAS,Rio Sono,ESCOLA MUNICIPAL CASTRO ALVES,Rural,Municipal
17031567,1718758,PALMAS,Rio Sono,ESCOLA ESTADUAL IMACULADA CONCEICAO,Rural,Estadual
17031656,1718758,PALMAS,Rio Sono,ESCOLA MUNICIPAL BERNARDO GUIMARAES,Rural,Municipal
17031702,1718758,PALMAS,Rio Sono,ESCOLA MUNICIPAL CRISTO REI,Rural,Municipal
17031818,1718758,PALMAS,Rio Sono,ESCOLA MUNICIPAL PROFESSOR SIMAO CERQUEIRA SALES,Rural,Municipal
17031940,1718758,PALMAS,Rio Sono,ESCOLA MUNICIPAL TOMAS DE AQUINO,Urbana,Municipal
17031982,1718758,PALMAS,Rio Sono,ESCOLA MUNICIPAL PRE-ESCOLAR OS AMIGUINHOS,Urbana,Municipal
17031990,1719004,PALMAS,Santa Tereza do Tocantins,COLEGIO ESTADUAL PROFESSOR MANOEL SILVERIO DOURADO,Urbana,Estadual
17032024,1719004,PALMAS,Santa Tereza do Tocantins,ESCOLA MUNICIPAL HORACIO JOSE RODRIGUES,Rural,Municipal
17032091,1720150,PALMAS,São Félix do Tocantins,ESCOLA ESTADUAL SAGRADO CORACAO DE JESUS,Urbana,Estadual
17032172,1720150,PALMAS,São Félix do Tocantins,ESCOLA MUNICIPAL FELIX PEREIRA ROCHA,Rural,Municipal
17032202,1720150,PALMAS,São Félix do Tocantins,ESCOLA MUNICIPAL MIGUEL RODRIGUES DE SOUSA,Rural,Municipal
17032210,1720150,PALMAS,São Félix do Tocantins,ESCOLA MUNICIPAL CANTINHO DO CEU,Urbana,Municipal
17032229,1700400,DIANOPOLIS,Almas,COLEGIO ESTADUAL DR ABNER ARAUJO PACINI,Urbana,Estadual
17032245,1700400,DIANOPOLIS,Almas,ESCOLA MUNICIPAL ARY PEREIRA BORGES,Urbana,Municipal
17032270,1700400,DIANOPOLIS,Almas,ESCOLA ESTADUAL DEOCLIDES MUNIZ,Urbana,Estadual
17032504,1700400,DIANOPOLIS,Almas,ESCOLA MUNICIPAL RURAL MANOEL FERNANDES DA SILVA,Rural,Municipal
17032695,1702406,ARRAIAS,Arraias,COLEGIO ESTADUAL PROFESSORA JOANA BATISTA CORDEIRO,Urbana,Estadual
17032717,1702406,ARRAIAS,Arraias,ESCOLA ESTADUAL GIRASSOL DE TEMPO INTEGRAL AGRICOLA DAVID AIRES FRANCA,Rural,Estadual
17032750,1702406,ARRAIAS,Arraias,ESCOLA ESTADUAL BRIGADEIRO FELIPE,Urbana,Estadual
17032784,1702406,ARRAIAS,Arraias,ESCOLA ESTADUAL PROFESSORA ZULMIRA MAGALHAES,Rural,Estadual
17032814,1702406,ARRAIAS,Arraias,COLEGIO MILITAR DO ESTADO DO TOCANTINS JACY ALVES DE BARROS,Urbana,Estadual
17032849,1702406,ARRAIAS,Arraias,ESCOLA MUNICIPAL NOSSA SENHORA DA CONCEICAO,Rural,Municipal
17032865,1702406,ARRAIAS,Arraias,ESCOLA MUNICIPAL DE ENSINO FUNDAMENTAL APOENAN DE ABREU TEIXEIRA,Urbana,Municipal
17032873,1702406,ARRAIAS,Arraias,ESCOLA ESTADUAL SILVA DOURADO,Urbana,Estadual
17032962,1702406,ARRAIAS,Arraias,CENTRO MUNICIPAL DE EDUCACAO INFANTIL IRMA LUCILIA,Urbana,Municipal
17033039,1702406,ARRAIAS,Arraias,ESCOLA MUNICIPAL GREGORIO BARRETO E MELO,Rural,Municipal
17033055,1702406,ARRAIAS,Arraias,CENTRO MUNICIPAL DE EDUCACAO BASICA IA IA CIRIACA,Rural,Municipal
17033098,1702406,ARRAIAS,Arraias,ESCOLA MUNICIPAL MADRE GABRIELA,Rural,Municipal
17033195,1702406,ARRAIAS,Arraias,ESCOLA MUNICIPAL LAZARO FERREIRA,Rural,Municipal
17033276,1702703,ARRAIAS,Aurora do Tocantins,COLEGIO ESTADUAL PROFESSORA RANULFA,Urbana,Estadual
17033284,1702703,ARRAIAS,Aurora do Tocantins,ESCOLA ESTADUAL DONA INES,Urbana,Estadual
17033292,1712157,ARRAIAS,Lavandeira,COLEGIO ESTADUAL LAVANDEIRA,Urbana,Estadual
17033497,1702703,ARRAIAS,Aurora do Tocantins,CRECHE MUNICIPAL JOAO LAZARO DE OLIVEIRA PEREIRA,Urbana,Municipal
17033594,1705557,ARRAIAS,Combinado,ESCOLA ESTADUAL GIRASSOL DE TEMPO INTEGRAL COMBINADO,Urbana,Estadual
17033624,1705557,ARRAIAS,Combinado,COLEGIO ESTADUAL JOAQUIM DE SENA E SILVA,Urbana,Estadual
17033632,1705557,ARRAIAS,Combinado,ESCOLA ESTADUAL PROFESSORA AUGUSTA VAZ DOS SANTOS TEIXEIRA,Urbana,Estadual
17033691,1705557,ARRAIAS,Combinado,CENTRO MUNICIPAL DE EDUCACAO BASICA MUNDO FELIZ,Urbana,Municipal
17033705,1705607,DIANOPOLIS,Conceição do Tocantins,COLEGIO ESTADUAL CORONEL JOSE FRANCISCO DE AZEVEDO,Urbana,Estadual
17033713,1705607,DIANOPOLIS,Conceição do Tocantins,ESCOLA MUNICIPAL IZABEL COSTA,Urbana,Municipal
17033993,1707009,DIANOPOLIS,Dianópolis,COLEGIO ESTADUAL JOAO D ABREU,Urbana,Estadual
17034000,1707009,DIANOPOLIS,Dianópolis,CENTRO MUNICIPAL DE EDUCACAO INFANTIL O PELICANO,Urbana,Municipal
17034027,1707009,DIANOPOLIS,Dianópolis,CENTRO DE ENSINO MEDIO ANTONIO POVOA,Urbana,Estadual
17034035,1707009,DIANOPOLIS,Dianópolis,ESCOLA ESTADUAL CORONEL ABILIO WOLNEY,Urbana,Estadual
17034078,1707009,DIANOPOLIS,Dianópolis,COLEGIO MILITAR DO ESTADO DO TOCANTINS -JOCA COSTA,Urbana,Estadual
17034086,1707009,DIANOPOLIS,Dianópolis,ESCOLA MUNICIPAL FELIPE BATISTA DOS SANTOS,Rural,Municipal
17034248,1707009,DIANOPOLIS,Dianópolis,ESCOLA MUNICIPAL CONTAGEM,Rural,Municipal
17034256,1707009,DIANOPOLIS,Dianópolis,ESCOLA MUNICIPAL VO CAMILA,Rural,Municipal
17034566,1707009,DIANOPOLIS,Dianópolis,CENTRO MUNICIPAL DE EDUCACAO INFANTIL TIA MARIETA,Urbana,Municipal
17034574,1707009,DIANOPOLIS,Dianópolis,ESCOLA MUNICIPAL JOAQUIM CESARIO CARDOSO,Rural,Municipal
17034612,1714203,PORTO NACIONAL,Natividade,COLEGIO ESTADUAL DR QUINTILIANO DA SILVA,Urbana,Estadual
17034620,1714203,PORTO NACIONAL,Natividade,COLEGIO AGROPECUARIO DE NATIVIDADE,Rural,Estadual
17034639,1714203,PORTO NACIONAL,Natividade,ESCOLA ESTADUAL JOAQUIM LINO SUARTE,Urbana,Estadual
17034663,1714203,PORTO NACIONAL,Natividade,ESCOLA ESTADUAL NOSSA SENHORA DE FATIMA - O PELICANO,Urbana,Estadual
17034914,1714203,PORTO NACIONAL,Natividade,ESC MUL JOSINA PEREIRA NUNES,Urbana,Municipal
17035163,1705102,PORTO NACIONAL,Chapada da Natividade,COLEGIO ESTADUAL FULGENCIO NUNES,Urbana,Estadual
17035180,1715150,ARRAIAS,Novo Alegre,COLEGIO ESTADUAL DR JOAO D ABREU,Urbana,Estadual
17035201,1715150,ARRAIAS,Novo Alegre,ESCOLA MUNICIPAL JURAILDES DE SENA ABREU,Urbana,Municipal
17035210,1715259,DIANOPOLIS,Novo Jardim,ESCOLA ESTADUAL JARDIM,Urbana,Estadual
17035260,1715259,DIANOPOLIS,Novo Jardim,ESCOLA MUNICIPAL MYRTHES AIRES SILVA,Rural,Municipal
17035287,1716208,ARRAIAS,Paranã,COLEGIO ESTADUAL DESEMBARGADOR VIRGILIO DE MELO FRANCO,Urbana,Estadual
17035333,1716208,ARRAIAS,Paranã,ESCOLA ESTADUAL FLORESTA,Rural,Estadual
17035430,1716208,ARRAIAS,Paranã,ESCOLA MUNICIPAL SAO DOMINGOS ANANAS,Rural,Municipal
17035449,1716208,ARRAIAS,Paranã,ESCOLA MUNICIPAL TIGRE,Rural,Municipal
17035465,1716208,ARRAIAS,Paranã,ESCOLA ESTADUAL SANTA RITA DO RIO PALMA,Rural,Estadual
17035473,1702406,ARRAIAS,Arraias,ESCOLA MUNICIPAL JOAO FRANCISCO DA COSTA,Rural,Municipal
17035520,1716208,ARRAIAS,Paranã,ESC MUL ALBINO,Rural,Municipal
17035589,1716208,ARRAIAS,Paranã,ESC MUL BOIS,Rural,Municipal
17035597,1716208,ARRAIAS,Paranã,ESC MUL BURITI,Rural,Municipal
17035651,1716208,ARRAIAS,Paranã,ESC MUL ISOLADA NOVA GLORIA,Rural,Municipal
17035708,1716208,ARRAIAS,Paranã,ESC MUL PRE-ESC SOLDADINHO DE JESUS,Urbana,Municipal
17035830,1717008,PORTO NACIONAL,Pindorama do Tocantins,ESCOLA ESTADUAL JOSE ALVES DE ASSIS,Urbana,Estadual
17035848,1717008,PORTO NACIONAL,Pindorama do Tocantins,COLEGIO ESTADUAL MANOEL DOS SANTOS ROSAL,Urbana,Estadual
17035996,1717008,PORTO NACIONAL,Pindorama do Tocantins,ESCOLA MUNICIPAL JOSEFA BELEM,Urbana,Municipal
17036208,1717800,DIANOPOLIS,Ponte Alta do Bom Jesus,COLEGIO ESTADUAL ANTONIO CARLOS DE FRANCA,Urbana,Estadual
17036216,1717800,DIANOPOLIS,Ponte Alta do Bom Jesus,ESCOLA MUNICIPAL DONA ALZIRA FREIRE DE QUEIROZ,Urbana,Municipal
17036275,1717800,DIANOPOLIS,Ponte Alta do Bom Jesus,ESCOLA ESTADUAL BOA VISTA DE BELEM,Rural,Estadual
17036356,1717800,DIANOPOLIS,Ponte Alta do Bom Jesus,ESCOLA MUNICIPAL DAMIANA,Rural,Municipal
17036372,1717800,DIANOPOLIS,Ponte Alta do Bom Jesus,ESCOLA MUNICIPAL AMERICO DIAS DOS SANTOS,Rural,Municipal
17036437,1717800,DIANOPOLIS,Ponte Alta do Bom Jesus,ESCOLA MUNICIPAL LIMOEIRO,Rural,Municipal
17036577,1718006,DIANOPOLIS,Porto Alegre do Tocantins,COLEGIO ESTADUAL ALFREDO NASSER,Urbana,Estadual
17036615,1718006,DIANOPOLIS,Porto Alegre do Tocantins,ESCOLA MUNICIPAL JOAQUIM ARAUJO,Urbana,Municipal
17036704,1718659,DIANOPOLIS,Rio da Conceição,ESCOLA ESTADUAL VIRGILIO FERREIRA DE FRANCA,Urbana,Estadual
17036739,1718659,DIANOPOLIS,Rio da Conceição,ESCOLA MUNICIPAL PROFº AURELINO RODRIGUES DE ARAUJO,Urbana,Municipal
17036747,1718907,PORTO NACIONAL,Santa Rosa do Tocantins,ESCOLA ESTADUAL PROFESSOR ZACHARIAS NUNES DA SILVEIRA,Urbana,Estadual
17036755,1718907,PORTO NACIONAL,Santa Rosa do Tocantins,COLEGIO ESTADUAL TENENTE SALVADOR RIBEIRO,Urbana,Estadual
17036780,1718907,PORTO NACIONAL,Santa Rosa do Tocantins,CRECHE MUNICIPAL BENEDITO PINTO,Rural,Municipal
17036895,1718907,PORTO NACIONAL,Santa Rosa do Tocantins,ESCOLA MUNICIPAL VEREADOR JOSE AIRES DA SILVA,Rural,Municipal
17036909,1718907,PORTO NACIONAL,Santa Rosa do Tocantins,ESCOLA MUNICIPAL TIA MIRETA,Urbana,Municipal
17036917,1720499,GURUPI,São Valério,COLEGIO ESTADUAL REGINA SIQUEIRA CAMPOS,Urbana,Estadual
17036933,1720499,GURUPI,São Valério,ESCOLA MUNICIPAL CASTELO BRANCO,Rural,Municipal
17037158,1720903,DIANOPOLIS,Taguatinga,COLEGIO ESTADUAL PROFESSOR AURELIANO,Urbana,Estadual
17037174,1720903,DIANOPOLIS,Taguatinga,COLEGIO MILITAR DO ESTADO DO TOCANTINS - AGOSTINHO DE ALMEIDA,Urbana,Estadual
17037204,1720903,DIANOPOLIS,Taguatinga,ESCOLA MUNICIPAL JOAQUIM JOSE DE ALMEIDA,Urbana,Municipal
17037220,1720903,DIANOPOLIS,Taguatinga,COLEGIO ESTADUAL JUSTINO DE ALMEIDA,Urbana,Estadual
17037280,1720903,DIANOPOLIS,Taguatinga,ESCOLA MUNICIPAL VARJAO,Rural,Municipal
17037450,1720903,DIANOPOLIS,Taguatinga,ESCOLA MUNICIPAL FELIX RODRIGUES NETO,Rural,Municipal
17037492,1720903,DIANOPOLIS,Taguatinga,ESCOLA MUNICIPAL JOSE DE ALMEIDA,Urbana,Municipal
17037549,1720903,DIANOPOLIS,Taguatinga,ESCOLA MUNICIPAL MANOEL ALVES,Rural,Municipal
17037557,1720903,DIANOPOLIS,Taguatinga,ESCOLA MUNICIPAL MIMOSA,Rural,Municipal
17037654,1720903,DIANOPOLIS,Taguatinga,ESCOLA MUNICIPAL JUVENCIA URCINO DE SANTANA,Rural,Municipal
17037786,1720937,DIANOPOLIS,Taipas do Tocantins,ESCOLA ESTADUAL JOAQUIM FRANCISCO DE AZEVEDO,Urbana,Estadual
17037875,1720937,DIANOPOLIS,Taipas do Tocantins,ESC MUL THEZILDA SAMPAIO DE OLIVEIRA,Urbana,Municipal
17037921,1708254,GUARAI,Tabocão,ESCOLA MUNICIPAL DE TEMPO INTEGRAL FRANCISCO PINHEIRO DA SILVEIRA,Urbana,Municipal
17037999,1701309,ARAGUAINA,Aragominas,ESCOLA MUL CIRILO RIBEIRO SILVA,Rural,Municipal
17038014,1702554,ARAGUATINS,Augustinópolis,ESCOLA MUNICIPAL DE TEMPO INTEGRAL GABRIEL ALVES PEREIRA,Urbana,Municipal
17038170,1701051,TOCANTINOPOLIS,Angico,ESCOLA MUNICIPAL LUIS RAMOS DOS SANTOS,Urbana,Municipal
17038219,1709500,GURUPI,Gurupi,ESCOLA MUNICIPAL LENIVAL CORREIA FERREIRA,Urbana,Municipal
17038251,1709500,GURUPI,Gurupi,ESCOLA MUNICIPAL DE TEMPO INTEGRAL ELIZEU DE CARVALHO,Urbana,Municipal
17038324,1709500,GURUPI,Gurupi,ESCOLA MUNICIPAL PROFESSORA ILSA BORGES VIEIRA,Urbana,Municipal
17038332,1700251,PARAISO,Abreulândia,ESCOLA MUNICIPAL JULIO PINHEIRO,Urbana,Municipal
17038359,1709500,GURUPI,Gurupi,ESCOLA ESTADUAL FE E ALEGRIA PAROQUIAL BERNARDO SAYAO,Urbana,Estadual
17038391,1708205,GURUPI,Formoso do Araguaia,ESCOLA MUNICIPAL RURAL COOPERFORMOSO,Rural,Municipal
17038448,1706100,PARAISO,Cristalândia,ESCOLA MUNICIPAL DOM JAIME ANTONIO SCHUCK,Urbana,Municipal
17038456,1715507,PORTO NACIONAL,Oliveira de Fátima,ESCOLA MUNICIPAL COMANDANTE SILVINO MASCARENHAS REIS,Urbana,Municipal
17038596,1703800,ARAGUATINS,Buriti do Tocantins,CENTRO INFANTIL TIA ARA,Urbana,Municipal
17038707,1710706,TOCANTINOPOLIS,Itaguatins,ESC MUL SAO BENTO,Rural,Municipal
17038804,1721000,PALMAS,Palmas,ESCOLA MUNICIPAL ANNE FRANK,Urbana,Municipal
17038812,1721000,PALMAS,Palmas,ESCOLA MUNICIPAL ANTONIO CARLOS JOBIM,Urbana,Municipal
17038820,1720804,ARAGUATINS,Sítio Novo do Tocantins,ESCOLA ESTADUAL JOAQUIM THEOTONIO SEGURADO,Rural,Estadual
17038855,1720499,GURUPI,São Valério,ESCOLA MUNICIPAL GETULIO VARGAS,Urbana,Municipal
17038863,1722081,ARAGUAINA,Wanderlândia,CENTRO MUNICIPAL DE EDUCACAO INFANTIL ROMEU E JULIETA,Urbana,Municipal
17038936,1721000,PALMAS,Palmas,ACAO SOCIAL SANTA TEREZINHA DE PALMAS,Urbana,Privada
17038952,1716208,ARRAIAS,Paranã,ESCOLA ESTADUAL EUCLIDES BEZERRA GERAIS,Urbana,Estadual
17039037,1707108,PARAISO,Divinópolis do Tocantins,ESCOLA MUNICIPAL PROFESSOR JOSE RIBAMAR BARBOSA,Urbana,Municipal
17039118,1703867,GURUPI,Cariri do Tocantins,ESCOLA MUNICIPAL DE TEMPO INTEGRAL DIVINA RIBEIRO BORGES,Urbana,Municipal
17039150,1708205,GURUPI,Formoso do Araguaia,ESCOLA INDIGENA TEMANARE,Rural,Estadual
17039185,1720101,ARAGUATINS,São Bento do Tocantins,ESCOLA MUNICIPAL TRANSBICO,Rural,Municipal
17039193,1720499,GURUPI,São Valério,ESCOLA MUNICIPAL JUSCELINO KUBITSCHEK DE OLIVEIRA,Rural,Municipal
17039223,1720101,ARAGUATINS,São Bento do Tocantins,ESCOLA MUNICIPAL NOVA VIDA,Rural,Municipal
17039240,1716505,PEDRO AFONSO,Pedro Afonso,ESCOLA MUNICIPAL SOUSA AGUIAR,Urbana,Municipal
17039258,1716109,PARAISO,Paraíso do Tocantins,COLEGIO DINAMICO,Urbana,Privada
17039282,1700251,PARAISO,Abreulândia,ESCOLA MUNICIPAL ARCO IRIS,Rural,Municipal
17039312,1702554,ARAGUATINS,Augustinópolis,ESCOLA MUNICIPAL ALFREDO PAULINO,Urbana,Municipal
17039355,1708205,GURUPI,Formoso do Araguaia,COLEGIO DR DANTE PAZZANESE,Rural,Privada
17039371,1709500,GURUPI,Gurupi,COLEGIO ADVENTISTA DE GURUPI,Urbana,Privada
17039436,1708254,GUARAI,Tabocão,ESCOLA ESTADUAL GIRASSOL DE TEMPO INTEGRAL MAJOR JUVENAL PEREIRA DE SOUZA,Urbana,Estadual
17039444,1721208,TOCANTINOPOLIS,Tocantinópolis,ESCOLA INDIGENA TEKATOR,Rural,Estadual
17039487,1707702,ARAGUAINA,Filadélfia,ESC MUNICIPAL NOSSA SENHORA DO PERPETUO SOCORRO,Rural,Municipal
17039657,1702406,ARRAIAS,Arraias,EDUCANDARIO SAPIENS,Urbana,Privada
17039673,1702109,ARAGUAINA,Araguaína,IFTO - CAMPUS ARAGUAINA,Urbana,Federal
17039720,1702901,ARAGUATINS,Axixá do Tocantins,ESCOLA MUL DEPUTADO JOSE DE ASSIS,Rural,Municipal
17039789,1718402,GUARAI,Presidente Kennedy,ESCOLA MUNICIPAL RAIMUNDO BARBOSA DE SOUSA,Urbana,Municipal
17039835,1718501,PEDRO AFONSO,Recursolândia,ESCOLA MUNICIPAL RECURSO,Urbana,Municipal
17039851,1709302,GUARAI,Guaraí,ESCOLA ESPECIAL ESTRELA DA ESPERANCA,Urbana,Privada
17039860,1705508,COLINAS DO TOCANTINS,Colinas do Tocantins,ESCOLA ESPECIAL GOTAS DE ESPERANCA - APAE,Urbana,Privada
17039878,1702109,ARAGUAINA,Araguaína,COLEGIO MILITAR DO ESTADO DO TOCANTINS - JORGE HUMBERTO CAMARGO,Urbana,Estadual
17039886,1721109,MIRACEMA DO TOCANTINS,Tocantínia,ESCOLA MUNICIPAL DE TEMPO INTEGRAL ANTONIO BENVINDO DA LUZ,Urbana,Municipal
17039894,1720804,ARAGUATINS,Sítio Novo do Tocantins,ESCOLA ESTADUAL RAIMUNDO NONATO LEITE,Rural,Estadual
17039932,1707405,ARAGUATINS,Esperantina,COLEGIO ESTADUAL JOAQUINA MARIA DA SILVA,Urbana,Estadual
17040000,1720101,ARAGUATINS,São Bento do Tocantins,ESCOLA ESTADUAL ANAIDES BRITO DE MIRANDA,Rural,Estadual
17040035,1720259,GURUPI,São Salvador do Tocantins,ESCOLA ESTADUAL RETIRO,Rural,Estadual
17040051,1720259,GURUPI,São Salvador do Tocantins,COLEGIO ESTADUAL PORTO DO RIO MARANHAO,Urbana,Estadual
17040078,1718204,PORTO NACIONAL,Porto Nacional,ESC ESPECIAL MAE TIA EULINA BRAGA,Urbana,Privada
17040124,1718204,PORTO NACIONAL,Porto Nacional,ESCOLA FAMILIA AGRICOLA DE PORTO NACIONAL,Rural,Estadual
17040183,1716307,COLINAS DO TOCANTINS,Pau D'Arco,COLEGIO ESTADUAL ULISSES GUIMARAES,Urbana,Estadual
17040205,1716109,PARAISO,Paraíso do Tocantins,ESCOLA ESTADUAL DEUSA MORAES,Urbana,Estadual
17040213,1718659,DIANOPOLIS,Rio da Conceição,CRECHE MUL TIA VITORIA,Urbana,Municipal
17040248,1700400,DIANOPOLIS,Almas,ESC MUL RAIMUNDO CORDEIRO DE OLIVEIRA,Urbana,Municipal
17040280,1700400,DIANOPOLIS,Almas,ESCOLA MUNICIPAL ELZA BARBOSA DE CARVALHO,Urbana,Municipal
17040396,1721208,TOCANTINOPOLIS,Tocantinópolis,ESCOLA INDIGENA IAMKAK,Rural,Estadual
17040442,1713304,MIRACEMA DO TOCANTINS,Miranorte,ESCOLA MUNICIPAL DE TEMPO INTEGRAL ANTONIO UCHOA VIANA,Urbana,Municipal
17040558,1709500,GURUPI,Gurupi,ASSOCIACAO DE APOIO A ESCOLA ESPECIAL SAO FRANCISCO DE ASSIS,Urbana,Privada
17040582,1716307,COLINAS DO TOCANTINS,Pau D'Arco,ESCOLA MUNICIPAL OSVALDO FREITAS,Rural,Municipal
17040825,1721307,COLINAS DO TOCANTINS,Tupiratins,ESCOLA MUL D BOSCO,Urbana,Municipal
17040841,1706258,GURUPI,Crixás do Tocantins,ESCOLA ESTADUAL OLAVO BILAC,Urbana,Estadual
17040868,1716109,PARAISO,Paraíso do Tocantins,ESCOLA ESPECIAL LUZ DA VIDA - APAE,Urbana,Privada
17040884,1713205,MIRACEMA DO TOCANTINS,Miracema do Tocantins,ASSOCIACAO DE APOIO A ESC ESPECIAL UM RAIO DE LUZ,Urbana,Privada
17040906,1721000,PALMAS,Palmas,ESCOLA ESPECIAL INTEGRACAO DE PALMAS,Urbana,Privada
17040930,1721000,PALMAS,Palmas,ESCOLA MUNICIPAL HENRIQUE TALONE PINHEIRO,Urbana,Municipal
17040990,1718709,MIRACEMA DO TOCANTINS,Rio dos Bois,ESCOLA MUNICIPAL UNIAO MARIA APARECIDA PEREIRA NUNES,Urbana,Municipal
17041279,1707405,ARAGUATINS,Esperantina,ESCOLA MUNICIPAL D PEDRO I,Rural,Municipal
17041309,1707405,ARAGUATINS,Esperantina,ESCOLA MUNICIPAL COELHO NETO,Rural,Municipal
17041317,1707405,ARAGUATINS,Esperantina,ESCOLA MUNICIPAL MARIA HELENA DE JESUS MOURA,Rural,Municipal
17041333,1707405,ARAGUATINS,Esperantina,ESCOLA MUNICIPAL PEDRA GRANDE,Rural,Municipal
17041341,1707405,ARAGUATINS,Esperantina,ESCOLA MUNICIPAL NOVA UNIAO,Urbana,Municipal
17041368,1707405,ARAGUATINS,Esperantina,ESCOLA MUNICIPAL BOAS NOVAS,Urbana,Municipal
17041376,1707405,ARAGUATINS,Esperantina,ESCOLA MUNICIPAL JOSE SOUSA MILHOMEM,Rural,Municipal
17041422,1721000,PALMAS,Palmas,ESCOLA MUNICIPAL CARLOS DRUMMOND DE ANDRADE,Urbana,Municipal
17041430,1721000,PALMAS,Palmas,ESCOLA MUNICIPAL PAULO FREIRE,Urbana,Municipal
17041481,1702109,ARAGUAINA,Araguaína,ESCOLA PAROQUIAL SAO VICENTE DE PAULO,Urbana,Municipal
17041490,1701101,PALMAS,Aparecida do Rio Negro,ESCOLA MUNICIPAL LUZA MACHADO DE MIRANDA,Urbana,Municipal
17041538,1702109,ARAGUAINA,Araguaína,ESCOLA MUNICIPAL VEREADOR ARNON FERREIRA LEAL,Urbana,Municipal
17041562,1702109,ARAGUAINA,Araguaína,ESCOLA MUNICIPAL DOM CORNELIO,Urbana,Municipal
17041589,1702109,ARAGUAINA,Araguaína,ESCOLA FUTURO FELIZ,Urbana,Privada
17041597,1702109,ARAGUAINA,Araguaína,ESCOLA MUNICIPAL BAVISA,Rural,Municipal
17041619,1702901,ARAGUATINS,Axixá do Tocantins,PRE ESCOLAR MENINO JESUS,Urbana,Municipal
17041708,1702554,ARAGUATINS,Augustinópolis,ESCOLA COMUNITARIA DE AUGUSTINOPOLIS,Urbana,Privada
17041724,1702208,ARAGUATINS,Araguatins,ESCOLA MUNICIPAL PROFESSORA DJANIRA RODRIGUES DA SILVA,Rural,Municipal
17041791,1702208,ARAGUATINS,Araguatins,ESCOLA MUNICIPAL RETIRO SANTA CRUZ,Rural,Municipal
17041821,1703057,COLINAS DO TOCANTINS,Bandeirantes do Tocantins,ESCOLA MUNICIPAL NOSSA SENHORA DA CONCEICAO,Rural,Municipal
17041830,1702109,ARAGUAINA,Araguaína,COLEGIO ADVENTISTA DE ARAGUAINA,Urbana,Privada
17041880,1712405,MIRACEMA DO TOCANTINS,Lizarda,ESCOLA ESTADUAL AYRTON SENNA,Rural,Estadual
17041902,1703107,PARAISO,Barrolândia,ASSOCIACAO DE APOIO A ESC ESPECIAL AMOR DE DEUS,Urbana,Privada
17041961,1703107,PARAISO,Barrolândia,ESCOLA MUNICIPAL DE TEMPO INTEGRAL CRIANCA FELIZ,Urbana,Municipal
17042003,1703305,PEDRO AFONSO,Bom Jesus do Tocantins,CENTRO MUNICIPAL DE EDUCACAO INFANTIL REGINALVA GOMES FERREIRA,Urbana,Municipal
17042178,1703206,COLINAS DO TOCANTINS,Bernardo Sayão,ESCOLA MUNICIPAL TANCREDO DE ALMEIDA NEVES,Rural,Municipal
17042330,1721109,MIRACEMA DO TOCANTINS,Tocantínia,ESCOLA INDIGENA DAKBUROIKWA,Rural,Estadual
17042429,1707405,ARAGUATINS,Esperantina,ESCOLA MUNICIPAL DOM MARIANO,Rural,Municipal
17042453,1721109,MIRACEMA DO TOCANTINS,Tocantínia,ESCOLA INDIGENA SROMNE,Rural,Estadual
17042470,1704600,PARAISO,Chapada de Areia,ESCOLA MUNICIPAL AMERICA ALVES DE OLIVEIRA,Urbana,Municipal
17042526,1721257,PEDRO AFONSO,Tupirama,CRECHE MUNICIPAL ANAIDES BRITO MIRANDA,Urbana,Municipal
17042534,1709302,GUARAI,Guaraí,CENTRO EDUCACIONAL EXECUTIVO,Urbana,Privada
17042607,1707207,MIRACEMA DO TOCANTINS,Dois Irmãos do Tocantins,ESCOLA MUNICIPAL NOVA GERACAO,Rural,Municipal
17042798,1700400,DIANOPOLIS,Almas,COLEGIO ESTADUAL GIRASSOL DE TEMPO INTEGRAL AGROPECUARIO DE ALMAS,Rural,Estadual
17042836,1709500,GURUPI,Gurupi,ESCOLA MUNICIPAL DR ULISSES GUIMARAES,Urbana,Municipal
17042917,1711902,PARAISO,Lagoa da Confusão,ESCOLA INDIGENA MALUA,Rural,Estadual
17042941,1718865,ARAGUAINA,Santa Fé do Araguaia,ESCOLA INDIGENA WAXIHO BEDU,Rural,Estadual
17042968,1710508,PEDRO AFONSO,Itacajá,ESCOLA INDIGENA RIOZINHO,Rural,Estadual
17042976,1721000,PALMAS,Palmas,ESCOLA MUNICIPAL DE TEMPO INTEGRAL MONSENHOR PEDRO PEREIRA PIAGEM,Urbana,Municipal
17042992,1710508,PEDRO AFONSO,Itacajá,ESCOLA INDIGENA LAGOINHA,Rural,Estadual
17043026,1708205,GURUPI,Formoso do Araguaia,ESCOLA INDIGENA TAINA,Rural,Estadual
17043050,1711902,PARAISO,Lagoa da Confusão,ESCOLA ESTADUAL INDIGENA KUMANA,Rural,Estadual
17043069,1718840,GURUPI,Sandolândia,ESCOLA INDIGENA IJAWALA,Rural,Estadual
17043220,1712157,ARRAIAS,Lavandeira,CRECHE MUNICIPAL MUNDO ENCANTADO,Urbana,Municipal
17043255,1713957,ARAGUAINA,Muricilândia,ESC MUL CLEMENTE MARZOLA,Rural,Municipal
17043280,1721000,PALMAS,Palmas,ESCOLA MUNICIPAL DE TEMPO INTEGRAL CAROLINE CAMPELO CRUZ DA SILVA,Urbana,Municipal
17043336,1711902,PARAISO,Lagoa da Confusão,ESCOLA MUNICIPAL ASSENTAMENTO LOROTY,Rural,Municipal
17043379,1711902,PARAISO,Lagoa da Confusão,ESCOLA INDIGENA INY WEBOHONA,Rural,Estadual
17043387,1713304,MIRACEMA DO TOCANTINS,Miranorte,EDUCANDARIO EVANGELICO DE MIRANORTE,Urbana,Privada
17043395,1711902,PARAISO,Lagoa da Confusão,ESC INDIGENA DE 1º GRAU HERYRI HAWA,Rural,Estadual
17043441,1714203,PORTO NACIONAL,Natividade,ESC MUL JACUBINHA I SEDE,Rural,Municipal
17043468,1714880,ARAGUAINA,Nova Olinda,NUCLEO ESCOLAR MUNICIPAL ANTONIO PEREIRA DOS SANTOS,Rural,Municipal
17043476,1714880,ARAGUAINA,Nova Olinda,ESCOLA MUNICIPAL VEREADOR ADRIANO MARTINS BRILHANTE,Rural,Municipal
17043565,1713809,TOCANTINOPOLIS,Palmeiras do Tocantins,ESCOLA MUNICIPAL DUQUE DE CAXIAS,Rural,Municipal
17043573,1715705,COLINAS DO TOCANTINS,Palmeirante,ESC MUN BARNABE PEREIRA DO NASCIMENTO,Rural,Municipal
17043581,1721000,PALMAS,Palmas,ESCOLA MUNICIPAL LUCAS RUAN ARAUJO ALVES,Urbana,Municipal
17043590,1713809,TOCANTINOPOLIS,Palmeiras do Tocantins,ESCOLA MUNICIPAL TIA LILA,Urbana,Municipal
17043719,1715705,COLINAS DO TOCANTINS,Palmeirante,ESCOLA MUNICIPAL MENINO JESUS,Urbana,Municipal
17043786,1711803,COLINAS DO TOCANTINS,Juarina,ESCOLA MUNICIPAL PINGO DE GENTE,Urbana,Municipal
17043867,1716109,PARAISO,Paraíso do Tocantins,ESCOLA MUNICIPAL JOSE RIBEIRO TORRES,Urbana,Municipal
17043913,1718303,ARAGUATINS,Praia Norte,ESCOLA MUNICIPAL TOCANTINS,Rural,Municipal
17043980,1718204,PORTO NACIONAL,Porto Nacional,IFTO - CAMPUS PORTO NACIONAL,Urbana,Federal
17044049,1709005,ARAGUAINA,Goiatins,ESCOLA INDIGENA AGUA BRANCA,Rural,Estadual
17044081,1710508,PEDRO AFONSO,Itacajá,ESCOLA ESTADUAL INDIGENA MANKRARE,Rural,Estadual
17044111,1720309,ARAGUATINS,São Sebastião do Tocantins,ESCOLA MUNICIPAL ARMANDO ALVES DA SILVA,Rural,Municipal
17044162,1721208,TOCANTINOPOLIS,Tocantinópolis,ESCOLA MUNICIPAL PROFESSOR ANTONIO FARIAS,Urbana,Municipal
17044170,1720200,ARAGUATINS,São Miguel do Tocantins,ESCOLA MUNICIPAL PEQUENO PRINCIPE,Urbana,Municipal
17044200,1721000,PALMAS,Palmas,COLEGIO COC PALMAS,Urbana,Privada
17044235,1720978,GURUPI,Talismã,ESCOLA MUNICIPAL MORRO ALEGRE,Rural,Municipal
17044332,1721109,MIRACEMA DO TOCANTINS,Tocantínia,ESCOLA INDIGENA WAIPAINERE,Rural,Estadual
17044359,1718865,ARAGUAINA,Santa Fé do Araguaia,ESC INDIGENA MANOEL ACHURE,Rural,Estadual
17044375,1721109,MIRACEMA DO TOCANTINS,Tocantínia,ESCOLA INDIGENA WARO,Rural,Estadual
17044391,1721109,MIRACEMA DO TOCANTINS,Tocantínia,ESCOLA INDIGENA SAWREPTE,Rural,Estadual
17044421,1721109,MIRACEMA DO TOCANTINS,Tocantínia,ESCOLA INDIGENA SMISUITE,Rural,Estadual
17044464,1721109,MIRACEMA DO TOCANTINS,Tocantínia,ESCOLA INDIGENA WAKRERO KATOPKUJE,Rural,Estadual
17044480,1721109,MIRACEMA DO TOCANTINS,Tocantínia,ESCOLA INDIGENA KRASAPTE,Rural,Estadual
17044545,1718899,PORTO NACIONAL,Santa Rita do Tocantins,ESCOLA MUNICIPAL ANALIA SOARES ROCHA,Urbana,Municipal
17044677,1722081,ARAGUAINA,Wanderlândia,ESCOLA MUL ANTONIO NETO DAS FLORES,Urbana,Municipal
17044707,1720903,DIANOPOLIS,Taguatinga,ESCOLA MUNICIPAL ALTAMIRA,Rural,Municipal
17044766,1718303,ARAGUATINS,Praia Norte,ESCOLA MUNICIPAL PROFESSOR PARDAL,Urbana,Municipal
17044839,1721208,TOCANTINOPOLIS,Tocantinópolis,PRE-ESCOLAR SANTA TEREZINHA,Urbana,Municipal
17044901,1721000,PALMAS,Palmas,COLEGIO ALBERT EINSTEIN,Urbana,Privada
17044928,1721000,PALMAS,Palmas,ESCOLA MUNICIPAL DE TEMPO INTEGRAL CORA CORALINA,Urbana,Municipal
17044960,1721000,PALMAS,Palmas,ESCOLA MUNICIPAL DEGRAUS DO SABER,Urbana,Municipal
17045002,1717206,ARAGUAINA,Piraquê,ESCOLA MUNICIPAL DE TEMPO INTEGRAL MONTE SINAI,Rural,Municipal
17045029,1717206,ARAGUAINA,Piraquê,ESCOLA MUNICIPAL DE TEMPO INTEGRAL UNIAO MANTIQUEIRA,Rural,Municipal
17045045,1702000,GURUPI,Araguaçu,ASSOCIACAO DE APOIO A ESCOLA ESPECIAL ABELHINHA EM BUSCA DO SABER,Urbana,Privada
17045088,1712009,PALMAS,Lajeado,ESCOLA MUNICIPAL SEBASTIAO DE SALES MONTEIRO,Urbana,Municipal
17045096,1707405,ARAGUATINS,Esperantina,ESCOLA MUNICIPAL PEDRA DE AMOLAR,Rural,Municipal
17045185,1718303,ARAGUATINS,Praia Norte,ESCOLA MUNICIPAL TANCREDO NEVES,Rural,Municipal
17045207,1716109,PARAISO,Paraíso do Tocantins,ESCOLA MUNICIPAL PROFESSORA ADELIA AGUIAR BARBOSA,Urbana,Municipal
17045223,1720853,GURUPI,Sucupira,CRECHE MUNICIPAL DOCE LAR,Urbana,Municipal
17045274,1707405,ARAGUATINS,Esperantina,ESCOLA MUNICIPAL SILVINO RODRIGUES COSTA,Rural,Municipal
17045401,1707553,PORTO NACIONAL,Fátima,ESCOLA MUNICIPAL TANCREDO DE ALMEIDA NEVES,Urbana,Municipal
17045436,1717909,PORTO NACIONAL,Ponte Alta do Tocantins,CENTRO EDUCACIONAL MUNICIPAL SABINO FERREIRA MEDEIROS,Urbana,Municipal
17045517,1718204,PORTO NACIONAL,Porto Nacional,CENTRO MUNICIPAL DE EDUCACAO INFANTIL IZIDORIA QUIRINO DOS SANTOS,Urbana,Municipal
17045533,1718204,PORTO NACIONAL,Porto Nacional,ESCOLA MUNICIPAL UNIAO E PROGRESSO,Urbana,Municipal
17045550,1706506,TOCANTINOPOLIS,Darcinópolis,ESCOLA MUNICIPAL VALERIO DA CRUZ OLIVEIRA,Rural,Municipal
17045584,1713809,TOCANTINOPOLIS,Palmeiras do Tocantins,ESCOLA ESTADUAL PADRE CESARE LELLI,Urbana,Estadual
17045606,1710706,TOCANTINOPOLIS,Itaguatins,ESCOLA MUNICIPAL CAMINHO PARA O FUTURO,Rural,Municipal
17045649,1721208,TOCANTINOPOLIS,Tocantinópolis,CENTRO EDUCACIONAL INFANTIL LTDA NOSSA ESCOLINHA,Urbana,Privada
17045681,1713205,MIRACEMA DO TOCANTINS,Miracema do Tocantins,ESCOLA MUNICIPAL DE EDUCACAO DO CAMPO SANTA MARINA,Rural,Municipal
17045789,1704105,PEDRO AFONSO,Centenário,CRECHE MUNICIPAL PEQUENO PRINCIPE,Urbana,Municipal
17045886,1718881,PEDRO AFONSO,Santa Maria do Tocantins,CENTRO EDUCACIONAL ZEFERINO PEREIRA DA SILVA,Urbana,Municipal
17045967,1712405,MIRACEMA DO TOCANTINS,Lizarda,ESCOLA MUNICIPAL EMA I,Rural,Municipal
17045975,1715101,PALMAS,Novo Acordo,ESCOLA MUNICIPAL RUIDELMAR LIMEIRA BORGES,Urbana,Municipal
17046190,1713957,ARAGUAINA,Muricilândia,NOVA CANAA,Urbana,Municipal
17046254,1717206,ARAGUAINA,Piraquê,ESCOLA MUNICIPAL DE TEMPO INTEGRAL GILMAR ALVES BATISTA,Rural,Municipal
17046262,1701903,PARAISO,Araguacema,ESC MUL SANTA CLARA,Rural,Municipal
17046270,1702109,ARAGUAINA,Araguaína,COLEGIO MILITAR DO ESTADO DO TOCANTINS - DR JOSE ALUISIO DA SILVA LUZ,Urbana,Estadual
17046327,1702901,ARAGUATINS,Axixá do Tocantins,ESC MUL AGUA AZUL,Rural,Municipal
17046378,1703909,PARAISO,Caseara,ESCOLA MUNICIPAL BRANCA DE NEVE,Urbana,Municipal
17046386,1718451,PARAISO,Pugmil,COL EST DARCY RIBEIRO,Urbana,Estadual
17046521,1700350,GURUPI,Aliança do Tocantins,CENTRO MUNICIPAL DE EDUCACAO INFANTIL ELIZABETHA RENI WORST,Urbana,Municipal
17046645,1709500,GURUPI,Gurupi,INSTITUTO MUNICIPAL DE EDUCACAO INFANTIL SILNY RODRIGUES DOS SANTOS,Urbana,Municipal
17046661,1709500,GURUPI,Gurupi,ESCOLA SAGRADO CORACAO DE MARIA,Urbana,Privada
17046700,1718840,GURUPI,Sandolândia,ESCOLA MUNICIPAL CANTINHO DO SABER,Urbana,Municipal
17046718,1718840,GURUPI,Sandolândia,ESCOLA MUNICIPAL PEQUENO PRINCIPE,Rural,Municipal
17046777,1721000,PALMAS,Palmas,COLEGIO BATISTA DE PALMAS - ASSOCIACAO CULTURAL EVANGELICA DE BRASILIA,Urbana,Privada
17046793,1721000,PALMAS,Palmas,ESCOLA MUNICIPAL JORGE AMADO,Urbana,Municipal
17046807,1721000,PALMAS,Palmas,COLEGIO MARISTA PALMAS,Urbana,Privada
17046815,1709807,PORTO NACIONAL,Ipueiras,ESC MUL FIRMINA PEREIRA DOS SANTOS PINTO,Urbana,Municipal
17046840,1713304,MIRACEMA DO TOCANTINS,Miranorte,ESCOLA MUNICIPAL DE EDUCACAO INFANTIL DE TEMPO INTEGRAL CRIANCA ESPERANCA,Urbana,Municipal
17046866,1720309,ARAGUATINS,São Sebastião do Tocantins,CRECHE MUNICIPAL SAGRADO CORACAO DE JESUS,Urbana,Municipal
17046904,1722081,ARAGUAINA,Wanderlândia,ESCOLA MUNICIPAL BOM JESUS,Rural,Municipal
17046912,1703800,ARAGUATINS,Buriti do Tocantins,ESCOLA MUNICIPAL AMIGUINHOS DE JESUS,Rural,Municipal
17046939,1713809,TOCANTINOPOLIS,Palmeiras do Tocantins,ESC MUL PADRE JOSIMO,Rural,Municipal
17046947,1706100,PARAISO,Cristalândia,CRECHE E PRE ESCOLA MUNICIPAL BEM ME QUER,Urbana,Municipal
17046998,1702109,ARAGUAINA,Araguaína,CENTRO DE EDUCACAO INFANTIL DONA REGINA SIQUEIRA CAMPOS,Urbana,Municipal
17047005,1702109,ARAGUAINA,Araguaína,CENTRO EDUCACIONAL INFANTIL MUNICIPAL PEDRO CARREIRO,Urbana,Municipal
17047013,1702109,ARAGUAINA,Araguaína,CENTRO EDUCACIONAL INFANTIL MUNICIPAL ARNON FERREIRA LEAL,Urbana,Municipal
17047072,1722081,ARAGUAINA,Wanderlândia,CRECHE MUL CORACAO DE MAE MADRE BRIGIDA POSTORINO,Urbana,Municipal
17047196,1721109,MIRACEMA DO TOCANTINS,Tocantínia,ESCOLA INDIGENA SOITI,Rural,Estadual
17047200,1706100,PARAISO,Cristalândia,ASSOCIACAO DE APOIO A ESCOLA ESPECIAL ESPACO FELIZ,Urbana,Privada
17047218,1714880,ARAGUAINA,Nova Olinda,ESCOLA DE EDUCACAO ESPECIAL RENASCER - APAE,Urbana,Privada
17047293,1711902,PARAISO,Lagoa da Confusão,ESCOLA INDIGENA HEREHENI,Rural,Estadual
17047358,1702208,ARAGUATINS,Araguatins,ESCOLA ESTADUAL SANTA GERTRUDES,Rural,Estadual
17047366,1702208,ARAGUATINS,Araguatins,ESCOLA ISOLADA BOA SORTE,Rural,Estadual
17047382,1709500,GURUPI,Gurupi,IFTO - CAMPUS GURUPI,Urbana,Federal
17047404,1709500,GURUPI,Gurupi,RV EDUCACIONAL LTDA,Urbana,Privada
17047420,1721000,PALMAS,Palmas,ESCOLA ADVENTISTA DE PALMAS,Urbana,Privada
17047439,1721000,PALMAS,Palmas,CENTRO DE ENSINO MEDIO DE TAQUARALTO,Urbana,Estadual
17047447,1703883,ARAGUAINA,Carmolândia,CRECHE MUNICIPAL AMBROSINA M DE JESUS,Urbana,Municipal
17047455,1713205,MIRACEMA DO TOCANTINS,Miracema do Tocantins,CENTRO MUNICIPAL DE EDUCACAO INFANTIL DONA MARACAIPE,Urbana,Municipal
17047463,1722107,ARAGUAINA,Xambioá,CRECHE MUNICIPAL RODOLFO MALINSKI,Urbana,Municipal
17047544,1707207,MIRACEMA DO TOCANTINS,Dois Irmãos do Tocantins,CMEI SAO JOAO BATISTA,Urbana,Municipal
17047552,1716109,PARAISO,Paraíso do Tocantins,CENTRO MUNICIPAL DE EDUCACAO INFANTIL SONHO DE CRIANCA ARCO - IRIS,Urbana,Municipal
17047609,1718204,PORTO NACIONAL,Porto Nacional,ESCOLA MUNICIPAL FANNY MACEDO PEREIRA,Urbana,Municipal
17047625,1718204,PORTO NACIONAL,Porto Nacional,ESCOLA MUNICIPAL PROFESSORA ERNESTINA FREIRE AYRES,Urbana,Municipal
17047650,1718204,PORTO NACIONAL,Porto Nacional,ESCOLA STELLA MARIS,Urbana,Privada
17047676,1718907,PORTO NACIONAL,Santa Rosa do Tocantins,ESCOLA MUNICIPAL PEDRO RODRIGUES NETO,Rural,Municipal
17047706,1715101,PALMAS,Novo Acordo,ESCOLA MUNICIPAL DEUSIANO COELHO DE SOUSA,Rural,Municipal
17047722,1713601,PORTO NACIONAL,Monte do Carmo,CENTRO ED RURAL BRIGADAS CHE GUEVARA,Rural,Municipal
17047781,1721208,TOCANTINOPOLIS,Tocantinópolis,ESCOLA MUNICIPAL ALTO DA BOA VISTA II,Urbana,Municipal
17047790,1721208,TOCANTINOPOLIS,Tocantinópolis,COLEGIO ESTADUAL PROFESSOR JOSE CARNEIRO DE BRITO,Urbana,Estadual
17047803,1720804,ARAGUATINS,Sítio Novo do Tocantins,CENTRO MUNICIPAL DE EDUCACAO INFANTIL SENADOR JOAO BATISTA DE JESUS RIBEIRO,Urbana,Municipal
17047820,1716208,ARRAIAS,Paranã,ESCOLA MUL SANTA CECILIA,Rural,Municipal
17047854,1713304,MIRACEMA DO TOCANTINS,Miranorte,ASSOCIACAO DE APOIO A ESC ESPECIAL CORACAO DE MARIA,Urbana,Privada
17047862,1721109,MIRACEMA DO TOCANTINS,Tocantínia,ESCOLA INDIGENA WDEKRUWE,Rural,Estadual
17047889,1713205,MIRACEMA DO TOCANTINS,Miracema do Tocantins,ESC MUNICIPAL DE EDUCACAO INFANTIL PROFESSORA DALVA CERQUEIRA BRITO,Urbana,Municipal
17047919,1713205,MIRACEMA DO TOCANTINS,Miracema do Tocantins,ESCOLA MUNICIPAL DE ENSINO FUNDAMENTAL FRANCISCO MARTINS NOLETO,Urbana,Municipal
17047994,1721208,TOCANTINOPOLIS,Tocantinópolis,CRECHE MUNICIPAL GERCINA BORGES TEIXEIRA,Urbana,Municipal
17048028,1715705,COLINAS DO TOCANTINS,Palmeirante,ESCOLA MUNICIPAL MARGARIDA OLIVEIRA DE SOUSA,Rural,Municipal
17048036,1715705,COLINAS DO TOCANTINS,Palmeirante,ESCOLA MUNICIPAL FIRMINO COELHO DE ARAUJO,Rural,Municipal
17048044,1709005,ARAGUAINA,Goiatins,ESCOLA MUNICIPAL LUZIA MACHADO FEITOSA,Urbana,Municipal
17048087,1702208,ARAGUATINS,Araguatins,ESCOLA MUNICIPAL MARINGA,Rural,Municipal
17048109,1718865,ARAGUAINA,Santa Fé do Araguaia,CRECHE MENINO JESUS UNIDADE 01,Urbana,Municipal
17048125,1703008,ARAGUAINA,Babaçulândia,CENTRO MUNICIPAL DE EDUCACAO INFANTIL CRIANCA ESPERANCA,Urbana,Municipal
17048150,1701002,ARAGUAINA,Ananás,CRECHE MAE JOANA,Urbana,Municipal
17048176,1722081,ARAGUAINA,Wanderlândia,ESCOLA ESPECIAL MORADA DO SOL,Rural,Privada
17048192,1702109,ARAGUAINA,Araguaína,CENTRO DE EDUCACAO INFANTIL NOSSA SENHORA DOS MILAGRES,Urbana,Municipal
17048214,1702109,ARAGUAINA,Araguaína,CENTRO EDUCACIONAL INFANTIL MUNICIPAL NOSSA SENHORA DA NATIVIDADE,Urbana,Municipal
17048230,1702109,ARAGUAINA,Araguaína,CENTRO EDUCACIONAL INFANTIL MUNICIPAL OTAERSON SOUZA LIMA,Urbana,Municipal
17048257,1718865,ARAGUAINA,Santa Fé do Araguaia,ESCOLA MUNICIPAL CRISTIANO RAMIRO DA SILVA,Rural,Municipal
17048311,1703057,COLINAS DO TOCANTINS,Bandeirantes do Tocantins,ESCOLA MUNICIPAL FRANCISCO DIVINO VASCONCELOS,Urbana,Municipal
17048397,1702554,ARAGUATINS,Augustinópolis,ESCOLA MUNICIPAL AGROVILA I,Rural,Municipal
17048400,1702554,ARAGUATINS,Augustinópolis,ESCOLA MUNICIPAL AGROVILA II,Rural,Municipal
17048460,1703800,ARAGUATINS,Buriti do Tocantins,ESCOLA MUNICIPAL PA CANAA,Rural,Municipal
17048478,1703800,ARAGUATINS,Buriti do Tocantins,ESCOLA MUNICIPAL PEDRO AMORIM VIEIRA,Rural,Municipal
17048486,1718303,ARAGUATINS,Praia Norte,ESCOLA MUNICIPAL GETULIO VARGAS,Rural,Municipal
17048540,1703602,COLINAS DO TOCANTINS,Brasilândia do Tocantins,CENTRO MUNICIPAL DE EDUCACAO INFANTIL ODALIA MARIA NUNES,Urbana,Municipal
17048648,1705508,COLINAS DO TOCANTINS,Colinas do Tocantins,CRECHE JOSEFA DE ALMEIDA COSTA,Urbana,Municipal
17048656,1705508,COLINAS DO TOCANTINS,Colinas do Tocantins,CENTRO MUNICIPAL DE EDUCACAO INFANTIL - CMEI MARGARIDINHA,Urbana,Municipal
17048664,1716703,GUARAI,Colméia,ASSOCIACAO DE APOIO A ESCOLA ESPECIAL FILHOS DA LUZ,Urbana,Privada
17048796,1705508,COLINAS DO TOCANTINS,Colinas do Tocantins,CRECHE MUNICIPAL MARIA VALDIRENE LUSTOSA S DE SOUZA,Urbana,Municipal
17048826,1711506,GURUPI,Jaú do Tocantins,COLEGIO ESTADUAL ADELAIDE FRANCISCO SOARES,Urbana,Estadual
17048834,1700350,GURUPI,Aliança do Tocantins,ASSOCIACAO DE APOIO ESCOLA ESPECIAL AMOR FRATERNAL,Urbana,Privada
17048877,1711506,GURUPI,Jaú do Tocantins,CRECHE MUNICIPAL MARIA DO ESPIRITO SANTO,Urbana,Municipal
17048907,1709500,GURUPI,Gurupi,ESCOLA MUNICIPAL AGRIPINO DE SOUSA GALVAO,Urbana,Municipal
17048931,1700707,GURUPI,Alvorada,ASSOCIACAO DE APOIO A ESCOLA ESPECIAL RAIO DE LUZ,Urbana,Privada
17048966,1720978,GURUPI,Talismã,ESCOLA MUNICIPAL PROFESSORA ANTONIA DOS REIS RODRIGUES BATISTA,Urbana,Municipal
17049008,1720499,GURUPI,São Valério,CMEI EDUARDO ELIAS ZANATTA,Urbana,Municipal
17049024,1715754,GURUPI,Palmeirópolis,CMEI PEQUENOS BRILHANTES,Urbana,Municipal
17049032,1713700,PARAISO,Monte Santo do Tocantins,ESCOLA MUNICIPAL SAO JOAO,Rural,Municipal
17049059,1716109,PARAISO,Paraíso do Tocantins,CRECHE AURENY SIQUEIRA CAMPOS,Urbana,Municipal
17049075,1701903,PARAISO,Araguacema,ESCOLA MUNICIPAL NOVA ESPERANCA,Rural,Municipal
17049105,1712504,PARAISO,Marianópolis do Tocantins,CRECHE MUNICIPAL IRMA MARIA ELMARA,Urbana,Municipal
17049121,1711902,PARAISO,Lagoa da Confusão,ESCOLA MUNICIPAL DONA JULIA PELEGRIN,Urbana,Municipal
17049148,1715002,PARAISO,Nova Rosalândia,CENTRO MUNICIPAL DE EDUCACAO INFANTIL SOSSEGO DA MAMAE,Urbana,Municipal
17049237,1721000,PALMAS,Palmas,COLEGIO ESTADUAL GIRASSOL DE TEMPO INTEGRAL RACHEL DE QUEIROZ,Urbana,Estadual
17049245,1721109,MIRACEMA DO TOCANTINS,Tocantínia,ESCOLA INDIGENA KASUWAMRI - ALDEINHA,Rural,Estadual
17049253,1708205,GURUPI,Formoso do Araguaia,ESCOLA INDIGENA WAHURI,Rural,Estadual
17049261,1721109,MIRACEMA DO TOCANTINS,Tocantínia,ESCOLA INDIGENA KAWE,Rural,Estadual
17049296,1709005,ARAGUAINA,Goiatins,ESC INDIGENA NOVA,Rural,Estadual
17049318,1721000,PALMAS,Palmas,ESCOLA MUNICIPAL MESTRE PACIFICO SIQUEIRA CAMPOS,Urbana,Municipal
17049326,1721000,PALMAS,Palmas,ESCOLA MUNICIPAL MONTEIRO LOBATO,Urbana,Municipal
17049385,1712702,PALMAS,Mateiros,ESCOLA MUNICIPAL PROFESSORA ERNESTINA VIEIRA SOARES,Urbana,Municipal
17049393,1705102,PORTO NACIONAL,Chapada da Natividade,ESCOLA MUNICIPAL MARCOLINA PINTO RABELO,Urbana,Municipal
17049407,1714203,PORTO NACIONAL,Natividade,CRECHE PRE ESCOLA TIA CHIQUINHA,Urbana,Municipal
17049415,1714203,PORTO NACIONAL,Natividade,ESCOLA MUNICIPAL ARCHCELINA PACINI VIEIRA,Urbana,Municipal
17049440,1702554,ARAGUATINS,Augustinópolis,ESCOLA MUNICIPAL SAO ROQUE,Rural,Municipal
17049490,1702901,ARAGUATINS,Axixá do Tocantins,CENTRO DE EDUCACAO INFANTIL SAGRADA FAMILIA MENINO JESUS AMPARADO,Urbana,Privada
17049563,1707405,ARAGUATINS,Esperantina,ESCOLA MUNICIPAL PINGO DAGUA,Rural,Municipal
17049610,1717800,DIANOPOLIS,Ponte Alta do Bom Jesus,CRECHE VOVO AMELIA,Urbana,Municipal
17049636,1708205,GURUPI,Formoso do Araguaia,ESCOLA MUNICIPAL RURAL SEBASTIAO LOPES DA SILVA,Rural,Municipal
17049644,1720259,GURUPI,São Salvador do Tocantins,ESCOLA MUNICIPAL NOVO MILENIO,Rural,Municipal
17049652,1720259,GURUPI,São Salvador do Tocantins,CEMEI PROFESSORA CONCEICAO APARECIDA FERNANDES DOS SANTOS,Urbana,Municipal
17049717,1700251,PARAISO,Abreulândia,ESCOLA MUNICIPAL PAULO FREIRE,Rural,Municipal
17049725,1703909,PARAISO,Caseara,ESCOLA MUNICIPAL ADELINA DA COSTA LIMA,Rural,Municipal
17049741,1712504,PARAISO,Marianópolis do Tocantins,ESCOLA MUNICIPAL JOAO BRAGA DE OLIVEIRA,Rural,Municipal
17049776,1706506,TOCANTINOPOLIS,Darcinópolis,ESCOLA MUL MARIA ZILDA PEREIRA ALVES,Rural,Municipal
17049814,1708254,GUARAI,Tabocão,CMEI- CENTRO MUNICIPAL DE EDUCACAO INFANTIL CRIANCA FELIZ,Urbana,Municipal
17049989,1718865,ARAGUAINA,Santa Fé do Araguaia,CRECHE MUNICIPAL TIA SUELY,Rural,Municipal
17050022,1702109,ARAGUAINA,Araguaína,ESCOLA MUNICIPAL SANTA LUZIA,Urbana,Municipal
17050030,1721000,PALMAS,Palmas,COLEGIO MADRE CLELIA MERLONI,Urbana,Privada
17050065,1702109,ARAGUAINA,Araguaína,CENTRO EDUCACIONAL INFANTIL MUNICIPAL CRIANCA FELIZ,Urbana,Municipal
17050090,1721000,PALMAS,Palmas,CENTRO EDUCACIONAL PINGO DE GENTE,Urbana,Privada
17050120,1721000,PALMAS,Palmas,ESCOLA ESTADUAL JOAO PAULO II,Urbana,Estadual
17050219,1721000,PALMAS,Palmas,CENTRO MUNICIPAL DE EDUCACAO INFANTIL MIUDINHOS,Urbana,Municipal
17050227,1721000,PALMAS,Palmas,CENTRO MUNICIPAL DE EDUCACAO INFANTIL CANTINHO FELIZ,Urbana,Municipal
17050235,1721000,PALMAS,Palmas,CENTRO MUNICIPAL DE EDUCACAO INFANTIL RECANTO INFANTIL,Urbana,Municipal
17050251,1721000,PALMAS,Palmas,CENTRO MUNICIPAL DE EDUCACAO INFANTIL CIRANDA CIRANDINHA,Urbana,Municipal
17050260,1721000,PALMAS,Palmas,CENTRO MUNICIPAL DE EDUCACAO INFANTIL ACONCHEGO,Urbana,Municipal
17050278,1708205,GURUPI,Formoso do Araguaia,ESCOLA INDIGENA IJANARI,Rural,Estadual
17050294,1721000,PALMAS,Palmas,CENTRO DE ENSINO MEDIO CASTRO ALVES,Urbana,Estadual
17050308,1721000,PALMAS,Palmas,COLEGIO CRIATIVO PALMAS,Urbana,Privada
17050316,1721109,MIRACEMA DO TOCANTINS,Tocantínia,ESCOLA INDIGENA DAKMA-AISRE,Rural,Estadual
17050324,1721109,MIRACEMA DO TOCANTINS,Tocantínia,ESCOLA INDIGENA SRAPTE,Rural,Estadual
17050332,1721109,MIRACEMA DO TOCANTINS,Tocantínia,ESCOLA INDIGENA KAWAHAZASE,Rural,Estadual
17050405,1721109,MIRACEMA DO TOCANTINS,Tocantínia,ESCOLA MUNICIPAL BENVINDO SOUZA LUZ,Rural,Municipal
17050456,1701903,PARAISO,Araguacema,CRECHE MUNICIPAL TIA ERNESTINA,Urbana,Municipal
17050510,1702109,ARAGUAINA,Araguaína,ESCOLA MUNICIPAL JOSE FERREIRA BARROS,Urbana,Municipal
17050545,1703008,ARAGUAINA,Babaçulândia,CMEI MODELO ISABEL LIMA CATUABA,Urbana,Municipal
17050561,1713957,ARAGUAINA,Muricilândia,ESC MUL AIRTON SENA I,Rural,Municipal
17050570,1703842,ARAGUAINA,Campos Lindos,ESCOLA MUNICIPAL PROFESSORA SAFIRA CAMELO GOMES,Urbana,Municipal
17050588,1718865,ARAGUAINA,Santa Fé do Araguaia,ESCOLA MUNICIPAL EURIPIA PEREIRA LOPES,Urbana,Municipal
17050596,1702109,ARAGUAINA,Araguaína,CENTRO EDUCACIONAL INFANTIL,Urbana,Privada
17050626,1718550,ARAGUAINA,Riachinho,ESC MUL TEODORO SA,Urbana,Municipal
17050642,1722081,ARAGUAINA,Wanderlândia,CENTRO MUNICIPAL DE EDUCACAO INFANTIL PROFESSORA MARIA DARLETE,Urbana,Municipal
17050650,1707702,ARAGUAINA,Filadélfia,CRECHE IRMA EVARISTA VIEL,Urbana,Municipal
17050669,1714880,ARAGUAINA,Nova Olinda,ESCOLA MUNICIPAL DE EDUCACAO INFANTIL JOANA DARQUE RIBEIRO DA SILVA,Urbana,Municipal
17050707,1703800,ARAGUATINS,Buriti do Tocantins,ESCOLA MUNICIPAL BOA SORTE,Rural,Municipal
17050715,1702208,ARAGUATINS,Araguatins,COLEGIO MILITAR DO ESTADO DO TOCANTINS - PROFESSORA ANTONINA MILHOMEM,Urbana,Estadual
17050731,1702406,ARRAIAS,Arraias,COOPERATIVA DE TRABALHO EDUCACIONAL DE PAIS E PROFESSORES DE ARRAIAS,Urbana,Privada
17050790,1707009,DIANOPOLIS,Dianópolis,ESCOLA MUNICIPAL IRMA AMPARO,Urbana,Municipal
17050804,1707009,DIANOPOLIS,Dianópolis,ESCOLA MUNICIPAL ASSENTAMENTO SANTO ANTONIO,Rural,Municipal
17050880,1716653,GUARAI,Pequizeiro,CMEI-CENTRO MUNICIPAL DE EDUCACAO INFANTIL MAE TEREZA HILARIO RIBEIRO,Urbana,Municipal
17050898,1716604,GURUPI,Peixe,ESCOLA MUNICIPAL DE EDUCACAO INFANTIL CAMINHOS DO SABER,Urbana,Municipal
17050910,1709500,GURUPI,Gurupi,INSTITUICAO BENEFICENTE IRMA DULCE,Urbana,Privada
17050928,1709500,GURUPI,Gurupi,CENTRO EDUCACIONAL GOTINHAS DO SABER LTDA ME,Urbana,Privada
17051002,1701903,PARAISO,Araguacema,ESCOLA AGRICOLA MUNICIPAL,Urbana,Municipal
17051029,1712504,PARAISO,Marianópolis do Tocantins,ESCOLA MUNICIPAL PIRACEMA,Rural,Municipal
17051037,1701903,PARAISO,Araguacema,ESCOLA MUNICIPAL BOM SUCESSO,Rural,Municipal
17051045,1718204,PORTO NACIONAL,Porto Nacional,ESCOLA MUNICIPAL CARMENCITA MATOS MAIA,Rural,Municipal
17051053,1718204,PORTO NACIONAL,Porto Nacional,ESCOLA MUNICIPAL ERCINA MONTEIRO PEREIRA,Rural,Municipal
17051061,1718204,PORTO NACIONAL,Porto Nacional,ESCOLA MUNICIPAL PAU DARCO,Rural,Municipal
17051070,1718204,PORTO NACIONAL,Porto Nacional,CENTRO MUNICIPAL DE EDUCACAO INFANTIL DR OSVALDO AIRES DA SILVA,Rural,Municipal
17051088,1718204,PORTO NACIONAL,Porto Nacional,ESCOLA MUNICIPAL DE TEMPO INTEGRAL PADRE LUSO MATOS,Urbana,Municipal
17051096,1718204,PORTO NACIONAL,Porto Nacional,ESCOLA MUNICIPAL DEASIL AIRES,Urbana,Municipal
17051100,1718204,PORTO NACIONAL,Porto Nacional,ESCOLA MUNICIPAL MARIETA MACEDO,Urbana,Municipal
17051142,1712702,PALMAS,Mateiros,ESCOLA MUNICIPAL RIO NOVO,Rural,Municipal
17051177,1719004,PALMAS,Santa Tereza do Tocantins,ESCOLA MUNICIPAL FRANCISCO DE SOUZA BARROS,Urbana,Municipal
17051193,1718204,PORTO NACIONAL,Porto Nacional,CENTRO EDUCACIONAL PRISMA,Urbana,Privada
17051207,1713601,PORTO NACIONAL,Monte do Carmo,ESCOLA MUNICIPAL DE TEMPO INTEGRAL ZEZE PEDREIRA,Rural,Municipal
17051231,1718899,PORTO NACIONAL,Santa Rita do Tocantins,CMEI CENTRO MUNICIPAL DE EDUCACAO INFANTIL CARLOS ROBERTO REZENDE,Urbana,Municipal
17051266,1718204,PORTO NACIONAL,Porto Nacional,CENTRO MUNICIPAL DE EDUCACAO INFANTIL DONA AURENY,Urbana,Municipal
17051274,1720804,ARAGUATINS,Sítio Novo do Tocantins,CENTRO DE EDUCACAO INFANTIL FRANCISCO FEITOSA FARIAS,Urbana,Municipal
17051282,1720804,ARAGUATINS,Sítio Novo do Tocantins,ESCOLA MUNICIPAL CANTINHO DO SABER III,Rural,Municipal
17051290,1721208,TOCANTINOPOLIS,Tocantinópolis,ASSOC DE APOIO A ESC ESPECIAL UM PASSO DIFERENTE,Urbana,Privada
17051347,1702109,ARAGUAINA,Araguaína,INSTITUTO EDUCACIONAL E POLITECNICO DE ARAGUAINA,Urbana,Privada
17051371,1709500,GURUPI,Gurupi,CENTRO DE EDUCAO DO TRABALHADOR - SESI,Urbana,Privada
17051398,1721000,PALMAS,Palmas,ESCOLA MUNICIPAL DE TEMPO INTEGRAL SANTA BARBARA,Urbana,Municipal
17051436,1721000,PALMAS,Palmas,CENTRO DE EDUCACAO DO TRABALHADOR,Urbana,Privada
17051444,1710508,PEDRO AFONSO,Itacajá,ESCOLA ESTADUAL INDIGENA JUHKWYJ,Rural,Estadual
17051452,1709005,ARAGUAINA,Goiatins,ESCOLA ESTADUAL INDIGENA XEPJAKA,Rural,Estadual
17051479,1702109,ARAGUAINA,Araguaína,EDUCANDARIO SAO FRANCISCO,Urbana,Privada
17051495,1703073,ARAGUAINA,Barra do Ouro,ESCOLA MUNICIPAL BERENICE NEVES BRITO,Urbana,Municipal
17051517,1702109,ARAGUAINA,Araguaína,CENTRO EDUCACIONAL INFANTIL MUNICIPAL JOAQUINA MOTA,Urbana,Municipal
17051525,1702109,ARAGUAINA,Araguaína,CENTRO DE EDUCACAO INFANTIL SANTA CLARA,Urbana,Municipal
17051541,1707009,DIANOPOLIS,Dianópolis,ESCOLA MUNICIPAL SAO JOSE,Urbana,Municipal
17051550,1718006,DIANOPOLIS,Porto Alegre do Tocantins,CRECHE MUNICIPAL PROFESSOR GABRIEL ARAUJO CARVALHO,Urbana,Municipal
17051568,1702208,ARAGUATINS,Araguatins,ESCOLA MUNICIPAL VEREADOR GUILHERME PARENTE,Rural,Municipal
17051649,1720903,DIANOPOLIS,Taguatinga,CENTRO EDUCACIONAL MUNICIPAL LAURA DO CARMO,Urbana,Municipal
17051657,1716703,GUARAI,Colméia,ESCOLA MUNICIPAL JOSEFINA RIBEIRO DOS SANTOS,Urbana,Municipal
17051690,1705508,COLINAS DO TOCANTINS,Colinas do Tocantins,ESCOLA ESTADUAL GUNNAR VINGREN,Urbana,Estadual
17051703,1709500,GURUPI,Gurupi,EDUCANDARIO EVANGELICO EBENEZER,Urbana,Privada
17051746,1708205,GURUPI,Formoso do Araguaia,ESCOLA INDIGENA TXUIRI-HINA,Rural,Estadual
17051789,1711951,PALMAS,Lagoa do Tocantins,ESCOLA MUNICIPAL DELCI RIBEIRO BARROS,Urbana,Municipal
17051797,1705102,PORTO NACIONAL,Chapada da Natividade,CRECHE MUNICIPAL TIA MARTHA,Urbana,Municipal
17051800,1718907,PORTO NACIONAL,Santa Rosa do Tocantins,CRECHE MUNICIPAL ANA THOMAZ NUNES - TIA NOCA,Urbana,Municipal
17051878,1711902,PARAISO,Lagoa da Confusão,CRECHE MUNICIPAL MAE JOSEFA,Urbana,Municipal
17051886,1720804,ARAGUATINS,Sítio Novo do Tocantins,UNIDADE ESCOLAR CRIANCA FELIZ,Urbana,Municipal
17051932,1716505,PEDRO AFONSO,Pedro Afonso,ESCOLA ESPECIAL SANTUARIO DA VIDA,Urbana,Privada
17051975,1721000,PALMAS,Palmas,ESCOLA ESTADUAL PRESBITERIANA EDUCACIONAL E SOCIAL IPES,Urbana,Estadual
17051983,1721000,PALMAS,Palmas,IFTO - CAMPUS PALMAS,Urbana,Federal
17051991,1721000,PALMAS,Palmas,ESCOLA MUNICIPAL MARIA ROSA DE CASTRO SALES,Urbana,Municipal
17052009,1721000,PALMAS,Palmas,CENTRO MUNICIPAL DE EDUCACAO INFANTIL CANTIGA DE NINAR,Urbana,Municipal
17052017,1721000,PALMAS,Palmas,CENTRO MUNICIPAL DE EDUCACAO INFANTIL SONHO ENCANTADO,Urbana,Municipal
17052041,1702158,ARAGUAINA,Araguanã,ESCOLA MUNICIPAL NEUZA ALVES DA SILVA,Rural,Municipal
17052050,1701002,ARAGUAINA,Ananás,CENTRO DE ENSINO MEDIO CABO APARICIO ARAUJO PAZ,Urbana,Estadual
17052068,1702109,ARAGUAINA,Araguaína,COLEGIO ESTADUAL JARDIM PAULISTA,Urbana,Estadual
17052076,1702109,ARAGUAINA,Araguaína,EDUCANDARIO CRISTO REI,Urbana,Privada
17052106,1703073,ARAGUAINA,Barra do Ouro,ESCOLA MUNICIPAL EUSTAQUIO ANTONIO DE OLIVEIRA,Rural,Municipal
17052130,1720101,ARAGUATINS,São Bento do Tocantins,ESCOLA MUNICIPAL NOSSA SENHORA DA CONSOLACAO,Rural,Municipal
17052173,1716208,ARRAIAS,Paranã,ESCOLA MUNICIPAL MANGUEIRA,Rural,Municipal
17052254,1716208,ARRAIAS,Paranã,ESCOLA MUNICIPAL MUCAMBO,Rural,Municipal
17052270,1702406,ARRAIAS,Arraias,CENTRO MUNICIPAL DE EDUCACAO BASICA PROFESSORA LIVIA LORENE BUENO MAIA,Urbana,Municipal
17052289,1702703,ARRAIAS,Aurora do Tocantins,ESCOLA MUNICIPAL MARCOLINA DE ALMEIDA TAVARES,Urbana,Municipal
17052327,1708205,GURUPI,Formoso do Araguaia,COLEGIO MUNICIPAL SILAS RAIMUNDO MILHOMEM DOS SANTOS,Urbana,Municipal
17052343,1700350,GURUPI,Aliança do Tocantins,EDUCANDARIO EVANGELICO JERUSALEM,Urbana,Municipal
17052351,1720259,GURUPI,São Salvador do Tocantins,COLEGIO DE TECELAGEM ARTISTICA NOSSA SENHORA AUXILIADORA,Urbana,Privada
17052424,1721109,MIRACEMA DO TOCANTINS,Tocantínia,ESCOLA INDIGENA ROMTEPRE,Rural,Estadual
17052432,1721109,MIRACEMA DO TOCANTINS,Tocantínia,ESCOLA INDIGENA WAKOMEKWA,Rural,Estadual
17052483,1717909,PORTO NACIONAL,Ponte Alta do Tocantins,ESCOLA ESPECIAL AMILSON FRAZAO DOS REIS,Urbana,Privada
17052491,1714302,TOCANTINOPOLIS,Nazaré,ESCOLA ESPECIAL BEM VIVER,Urbana,Privada
17052505,1721208,TOCANTINOPOLIS,Tocantinópolis,CENTRO EDUCACIONAL DE CURSOS PROFISSIONALIZANTES ANA NERI,Urbana,Privada
17052556,1721000,PALMAS,Palmas,ESCOLA MUNICIPAL MARIA JULIA AMORIM SOARES RODRIGUES,Urbana,Municipal
17052564,1721000,PALMAS,Palmas,CENTRO EDUCACIONAL SAO FRANCISCO DE ASSIS,Urbana,Privada
17052580,1720937,DIANOPOLIS,Taipas do Tocantins,CENTRO EDUCACIONAL DE EDUCACAO INFANTIL MARIA MARTINS,Urbana,Municipal
17052637,1713957,ARAGUAINA,Muricilândia,CENTRO MUNICIPAL DE EDUCACAO INFANTIL CRECHE PINGUINHO DE GENTE,Urbana,Municipal
17052645,1702109,ARAGUAINA,Araguaína,SESC - SERVICO SOCIAL DO COMERCIO,Urbana,Privada
17052661,1702406,ARRAIAS,Arraias,ESCOLA MUNICIPAL JOAQUIM AIRES FRANCA,Rural,Municipal
17052688,1716208,ARRAIAS,Paranã,CRECHE MUNICIPAL TIA MESSIAS,Urbana,Municipal
17052696,1716208,ARRAIAS,Paranã,ESCOLA MUNICIPAL FLORACY BONFIM PEREIRA DE ARAUJO,Urbana,Municipal
17052700,1716208,ARRAIAS,Paranã,ESCOLA MUNICIPAL RAINHA DA PAZ,Rural,Municipal
17052785,1718204,PORTO NACIONAL,Porto Nacional,ESCOLA MUNICIPAL MARIA DE MELO SOUSA,Urbana,Municipal
17052793,1721208,TOCANTINOPOLIS,Tocantinópolis,CRECHE MUNICIPAL MARIA DE LOURDES,Urbana,Municipal
17052807,1721208,TOCANTINOPOLIS,Tocantinópolis,ESCOLA ESTADUAL INDIGENA KATANGAAH,Rural,Estadual
17052815,1721208,TOCANTINOPOLIS,Tocantinópolis,ESCOLA ESTADUAL INDIGENA KATAM,Rural,Estadual
17052823,1711902,PARAISO,Lagoa da Confusão,ESCOLA INDIGENA TEWADURE,Rural,Estadual
17052831,1717503,PARAISO,Pium,ESCOLA MUNICIPAL SAO JOAO,Rural,Municipal
17052840,1716109,PARAISO,Paraíso do Tocantins,CRECHE MUNICIPAL MARIA JOSE DOS SANTOS,Urbana,Municipal
17052874,1702208,ARAGUATINS,Araguatins,ESCOLA MUNICIPAL JANUARIO RIBEIRO DA SILVA,Rural,Municipal
17052882,1702901,ARAGUATINS,Axixá do Tocantins,PRE ESCOLAR SAO FRACISCO DE ASSIS,Urbana,Municipal
17052904,1702109,ARAGUAINA,Araguaína,SESC CENTRO EDUCACIONAL SESC LER,Urbana,Privada
17052963,1720978,GURUPI,Talismã,COLEGIO ESTADUAL DE TALISMA,Urbana,Estadual
17052971,1716604,GURUPI,Peixe,ESCOLA MUNICIPAL MESTRE FRANCISCO RIBEIRO,Urbana,Municipal
17052998,1702901,ARAGUATINS,Axixá do Tocantins,ESCOLA MUNICIPAL OSVALDO REIS,Urbana,Municipal
17053048,1713205,MIRACEMA DO TOCANTINS,Miracema do Tocantins,ESCOLA DE TEMPO INTEGRAL MUNICIPAL VILMAR VASCONCELOS FEITOSA,Urbana,Municipal
17053064,1701002,ARAGUAINA,Ananás,ESCOLA MUNICIPAL DOMINGOS MARTINS,Rural,Municipal
17053072,1702109,ARAGUAINA,Araguaína,ESCOLA MUNICIPAL FRANCISCO BUENO DE FREITAS PASTOR FIICO,Urbana,Municipal
17053080,1702109,ARAGUAINA,Araguaína,ESCOLA MUNICIPAL DOMINGOS DE SOUZA LEMOS,Urbana,Municipal
17053099,1701309,ARAGUAINA,Aragominas,ESCOLA MUL JOSE MOTA GOMES DA SILVA,Rural,Municipal
17053145,1705607,DIANOPOLIS,Conceição do Tocantins,EMEI DE TEMPO INTEGRAL SADJA SAMARA MIRANDA SOUZA,Urbana,Municipal
17053196,1721000,PALMAS,Palmas,SERVICO SOCIAL DO COMERCIO- SESC ESCOLA,Urbana,Privada
17053226,1702109,ARAGUAINA,Araguaína,ESCOLA INFANTIL SEMENTE DO SABER,Urbana,Privada
17053234,1702109,ARAGUAINA,Araguaína,CENTRO EDUCACIONAL INFANTIL MUNICIPAL GLORIA MORAIS,Urbana,Municipal
17053242,1702109,ARAGUAINA,Araguaína,CENTRO EDUCACIONAL INFANTIL MUNICIPAL RAIMUNDO ALVES LIRA,Urbana,Municipal
17053250,1702109,ARAGUAINA,Araguaína,CENTRO EDUCACIONAL INFANTIL MUNICIPAL BOANICE BOTELHO KALIL,Urbana,Municipal
17053277,1717206,ARAGUAINA,Piraquê,CRECHE MUNICIPAL DE TEMPO INTEGRAL MEUS PRIMEIROS PASSOS,Urbana,Municipal
17053285,1722107,ARAGUAINA,Xambioá,CENTRO EDUCACIONAL MARIA ALVES ANTUNES,Urbana,Municipal
17053293,1706258,GURUPI,Crixás do Tocantins,ESCOLA MUNICIPAL PERY MARQUES,Urbana,Municipal
17053315,1709500,GURUPI,Gurupi,ESCOLA ESTADUAL PASSO A PASSO,Urbana,Estadual
17053323,1709500,GURUPI,Gurupi,ESCOLINHA SITIO DO PICAPAU AMARELO,Urbana,Privada
17053340,1709500,GURUPI,Gurupi,ESCOLA INFANTIL CANTINHO FELIZ,Urbana,Privada
17053358,1709500,GURUPI,Gurupi,SESC ESCOLA,Urbana,Privada
17053366,1703909,PARAISO,Caseara,CRECHE MUNICIPAL CRIANCA FELIZ,Urbana,Municipal
17053374,1711902,PARAISO,Lagoa da Confusão,ESCOLA ESPECIAL LAGOA DA CONFUSAO,Urbana,Privada
17053382,1717503,PARAISO,Pium,ESCOLA MUNICIPAL ALEGRIA DE VIVER,Urbana,Municipal
17053390,1718204,PORTO NACIONAL,Porto Nacional,SERVICO SOCIAL DO COMERCIO,Urbana,Privada
17053412,1721208,TOCANTINOPOLIS,Tocantinópolis,ESCOLA ESTADUAL INDIGENA KAGAPIXI,Rural,Estadual
17053420,1721208,TOCANTINOPOLIS,Tocantinópolis,ESCOLA INDIGENA KAXWARE,Rural,Estadual
17053439,1703206,COLINAS DO TOCANTINS,Bernardo Sayão,CENTRO MUNICIPAL DE EDUCACAO INFANTIL - CMEI DE TEMPO INTEGRAL VALTEIR RODRIGUES RIBEIRO,Urbana,Municipal
17053455,1721109,MIRACEMA DO TOCANTINS,Tocantínia,CEMIX-CENTRO DE ENSINO MEDIO INDIGENA XERENTE WARA,Rural,Estadual
17053471,1716109,PARAISO,Paraíso do Tocantins,SERVICO SOCIAL DO COMERCIO PROJETO SESC LER,Urbana,Privada
17053510,1716109,PARAISO,Paraíso do Tocantins,ESCOLA PEQUENO ANJO,Urbana,Privada
17053528,1717008,PORTO NACIONAL,Pindorama do Tocantins,CRECHE TIA CARMOSINA GONCALVES,Urbana,Municipal
17053552,1721000,PALMAS,Palmas,ESCOLA MUNICIPAL ANTONIO GONCALVES DE CARVALHO FILHO,Urbana,Municipal
17053560,1721000,PALMAS,Palmas,ESCOLA MUNICIPAL BEATRIZ RODRIGUES DA SILVA,Urbana,Municipal
17053579,1721000,PALMAS,Palmas,SENAI- SERVICO NACIONAL DE APRENDIZAGEM INDUSTRIAL,Urbana,Privada
17053595,1721000,PALMAS,Palmas,ESCOLA ESTADUAL MUNDO SOCIO DO SABER,Urbana,Estadual
17053617,1711902,PARAISO,Lagoa da Confusão,ESCOLA ESTADUAL INDIGENA KRUMARE,Rural,Estadual
17053641,1707009,DIANOPOLIS,Dianópolis,ESCOLA MUNICIPAL IMACULADA CONCEICAO,Urbana,Municipal
17053668,1720978,GURUPI,Talismã,CENTRO EDUCACIONAL MUNICIPAL DE EDUCACAO INFANTIL SENADOR JOAO BATISTA DE JESUS RIBEIRO,Urbana,Municipal
17053676,1721109,MIRACEMA DO TOCANTINS,Tocantínia,ESCOLA MUNICIPAL PROFESSOR CONSTANTINO PEDRO DE CASTRO,Urbana,Municipal
17053692,1702109,ARAGUAINA,Araguaína,EDUCANDARIO ESPIRITA FRANCISCO THIESEN,Urbana,Privada
17053706,1709005,ARAGUAINA,Goiatins,CRECHE MUNICIPAL GENTE PEQUENA,Urbana,Municipal
17053714,1702109,ARAGUAINA,Araguaína,ESCOLA LAR ADVENTISTA,Urbana,Privada
17053722,1709005,ARAGUAINA,Goiatins,ESCOLA INDIGENA BACURI,Rural,Estadual
17053730,1702901,ARAGUATINS,Axixá do Tocantins,ESCOLA MUNICIPAL SANTA JULIANA,Rural,Municipal
17053757,1720309,ARAGUATINS,São Sebastião do Tocantins,ESCOLA MUL PROF DOCILDA SANTOS FERREIRA SILVA,Rural,Municipal
17053790,1716208,ARRAIAS,Paranã,ESCOLA MUNICIPAL BARREIRO,Rural,Municipal
17053803,1716208,ARRAIAS,Paranã,ESCOLA MUNICIPAL INDAIA,Rural,Municipal
17053897,1708205,GURUPI,Formoso do Araguaia,CENTRO MUNICIPAL DE EDUCACAO INFANTIL - CEMEI,Urbana,Municipal
17053927,1721109,MIRACEMA DO TOCANTINS,Tocantínia,ESCOLA INDIGENA SEPRTUMEKWA,Rural,Estadual
17053935,1721109,MIRACEMA DO TOCANTINS,Tocantínia,ESCOLA ESTADUAL INDIGENA KBAREWDEHU,Rural,Estadual
17053943,1721109,MIRACEMA DO TOCANTINS,Tocantínia,ESCOLA INDIGENA DAWAPSIKWA,Rural,Estadual
17053951,1707108,PARAISO,Divinópolis do Tocantins,CENTRO EDUCACIONAL TIA DENIS,Urbana,Municipal
17053960,1707108,PARAISO,Divinópolis do Tocantins,ESCOLA ESPECIAL LUZ DO SABER - APAE,Urbana,Municipal
17053986,1713601,PORTO NACIONAL,Monte do Carmo,COLEGIO ESTADUAL AGRICOLA BRIGADAS CHE GUEVARA,Rural,Estadual
17054028,1713205,MIRACEMA DO TOCANTINS,Miracema do Tocantins,CENTRO MUNICIPAL DE EDUCACAO INFANTIL DONA REGINA,Urbana,Municipal
17054036,1713205,MIRACEMA DO TOCANTINS,Miracema do Tocantins,CENTRO EDUCACIONAL MUNDO FELIZ,Urbana,Privada
17054052,1708254,GUARAI,Tabocão,ESCOLA ESPECIAL EDISON DUTRA,Urbana,Privada
17054060,1721000,PALMAS,Palmas,ESCOLA ESTADUAL MARIA DOS REIS ALVES BARROS,Urbana,Estadual
17054079,1721000,PALMAS,Palmas,UPERIMM INSTITUTO DE ENSINO LTDA,Urbana,Privada
17054109,1717909,PORTO NACIONAL,Ponte Alta do Tocantins,ESCOLA MUNICIPAL SANTA TEREZA,Rural,Municipal
17054117,1722107,ARAGUAINA,Xambioá,CENTRO EDUCACIONAL FRANCISCA ANTUNES DE CARVALHO,Urbana,Privada
17054125,1708304,GUARAI,Goianorte,ESCOLA ESPECIAL NOVO PARAISO,Urbana,Privada
17054133,1707009,DIANOPOLIS,Dianópolis,ESCOLA MUNICIPAL SANTA LUZIA,Urbana,Municipal
17054222,1702109,ARAGUAINA,Araguaína,ESCOLA COMECINHO DE VIDA,Urbana,Privada
17054257,1709500,GURUPI,Gurupi,ASSOCIACAO BERCARIO ESPIRITA MARIA DE NAZARE,Urbana,Privada
17054265,1721000,PALMAS,Palmas,CENTRO EDUCACIONAL PRISMA,Urbana,Privada
17054290,1705508,COLINAS DO TOCANTINS,Colinas do Tocantins,CENTRO MUNICIPAL DE ATENDIMENTO EDUCACIONAL ESPECIALIZADO - CMAEE,Urbana,Municipal
17054320,1721000,PALMAS,Palmas,SERVICO NACIONAL DE APRENDIZAGEM COMERCIAL - CEP - PALMAS,Urbana,Privada
17054338,1721208,TOCANTINOPOLIS,Tocantinópolis,ESCOLA ESTADUAL INDIGENA KOKRE,Rural,Estadual
17054346,1721208,TOCANTINOPOLIS,Tocantinópolis,ESCOLA INDIGENA GOHKRU,Rural,Estadual
17054354,1706506,TOCANTINOPOLIS,Darcinópolis,ESCOLA MUNICIPAL BELA VISTA,Urbana,Municipal
17054362,1709500,GURUPI,Gurupi,SERVICO NACIONAL DE APRENDIZAGEM COMERCIAL - UNIDADE OPERATIVA GURUPI,Urbana,Privada
17054370,1702109,ARAGUAINA,Araguaína,SERVICO NACIONAL DE APRENDIZAGEM COMERCIAL - UNIDADE OPERATIVA ARAGUAINA,Urbana,Privada
17054389,1721109,MIRACEMA DO TOCANTINS,Tocantínia,ESCOLA ESTADUAL INDIGENA SREWE,Rural,Estadual
17054397,1721109,MIRACEMA DO TOCANTINS,Tocantínia,ESCOLA INDIGENA TEZAHI,Rural,Estadual
17054400,1721109,MIRACEMA DO TOCANTINS,Tocantínia,ESCOLA ESTADUAL INDIGENA KUPSINA,Rural,Estadual
17054419,1721109,MIRACEMA DO TOCANTINS,Tocantínia,ESCOLA INDIGENA AKEZANE,Rural,Estadual
17054460,1702901,ARAGUATINS,Axixá do Tocantins,ESCOLA MUNICIPAL SANTA BARBARA,Rural,Municipal
17054478,1702109,ARAGUAINA,Araguaína,ESCOLA MUNICIPAL WILLIAM CASTELO BRANCO MARTINS,Urbana,Municipal
17054486,1721000,PALMAS,Palmas,COLEGIO MARANATA,Urbana,Privada
17054516,1707108,PARAISO,Divinópolis do Tocantins,CENTRO MUNICIPAL DE EDUCACAO INFANTIL NOSSA SENHORA DO CARMO,Urbana,Municipal
17054567,1721000,PALMAS,Palmas,CENTRO MUNICIPAL DE EDUCACAO INFANTIL CANTINHO DO SABER,Urbana,Municipal
17054575,1712157,ARRAIAS,Lavandeira,ESCOLA MUNICIPAL NERCILENE ROCHA,Urbana,Municipal
17054583,1721257,PEDRO AFONSO,Tupirama,ESCOLA MUNICIPAL MARIA JOSE ALVES MIRANDA,Urbana,Municipal
17054621,1714880,ARAGUAINA,Nova Olinda,ESCOLA MUNICIPAL DE EDUCACAO INFANTIL ANTONIO FILEMON GOMES,Urbana,Municipal
17054702,1702554,ARAGUATINS,Augustinópolis,ESCOLA HERDEIROS DO FUTURO - EHF,Urbana,Privada
17054729,1709500,GURUPI,Gurupi,SENAI-SERVICO NACIONAL DE APRENDIZAGEM INDUSTRIAL,Urbana,Privada
17054737,1700707,GURUPI,Alvorada,CRECHE MUNICIPAL ARCO-IRIS,Urbana,Municipal
17054753,1702307,COLINAS DO TOCANTINS,Arapoema,COLEGIO MESSIAS SANTOS,Urbana,Privada
17054770,1718451,PARAISO,Pugmil,CRECHE MUNICIPAL MARIA RIBEIRO DA SILVA,Urbana,Municipal
17054788,1706258,GURUPI,Crixás do Tocantins,CMEI - CENTRO MUNICIPAL DE EDUCACAO INFANTIL CRIANCA FELIZ,Urbana,Municipal
17054796,1707405,ARAGUATINS,Esperantina,ESCOLA FAMILIA AGRICOLA DO BICO DO PAPAGAIO PADRE JOSIMO,Rural,Estadual
17054800,1702554,ARAGUATINS,Augustinópolis,ESCOLA MUNICIPAL ANACLETO PAULINO DA SILVA,Urbana,Municipal
17054834,1703057,COLINAS DO TOCANTINS,Bandeirantes do Tocantins,ESCOLA DE EDUCACAO ESPECIAL FONTE DO SABER,Urbana,Privada
17054842,1721000,PALMAS,Palmas,ESCOLA MUNICIPAL MARIA VERONICA ALVES DE SOUSA,Urbana,Municipal
17054850,1721000,PALMAS,Palmas,ESCOLA MUNICIPAL LUCIA SALES PEREIRA RAMOS,Urbana,Municipal
17054869,1721000,PALMAS,Palmas,CENTRO MUNICIPAL DE EDUCACAO INFANTIL CHAPEUZINHO VERMELHO,Urbana,Municipal
17054877,1721000,PALMAS,Palmas,CENTRO MUNICIPAL DE EDUCACAO INFANTIL PRINCIPES E PRINCESAS,Urbana,Municipal
17054885,1721000,PALMAS,Palmas,CENTRO MUNICIPAL DE EDUCACAO INFANTIL CRIANCA FELIZ,Urbana,Municipal
17054907,1721109,MIRACEMA DO TOCANTINS,Tocantínia,ESCOLA MUNICIPAL DE EDUCACAO INFANTIL TEREZA HILARIO RIBEIRO,Urbana,Municipal
17054915,1718204,PORTO NACIONAL,Porto Nacional,COLEGIO SABER LTDA,Urbana,Privada
17054931,1706001,GUARAI,Couto Magalhães,ESCOLA ESPECIAL DEUS E FIEL,Urbana,Privada
17054940,1702208,ARAGUATINS,Araguatins,ESCOLA MUNICIPAL VANOR DA COSTA PARREAO,Urbana,Municipal
17054966,1702109,ARAGUAINA,Araguaína,ESCOLA INFANTIL PASSOS FIRMES,Urbana,Privada
17054974,1706001,GUARAI,Couto Magalhães,CRECHE MUNICIPAL DE TEMPO INTEGRAL DORVALINA MARTINS DA SILVA,Urbana,Municipal
17054982,1706001,GUARAI,Couto Magalhães,ESCOLA MUNICIPAL MARISA LETICIA LULA DA SILVA,Rural,Municipal
17054990,1702109,ARAGUAINA,Araguaína,COLEGIO INTELECTUS KIDS TEENS,Urbana,Privada
17055040,1715101,PALMAS,Novo Acordo,CRECHE MUNICIPAL MAE DUVIGEM,Urbana,Municipal
17055059,1707009,DIANOPOLIS,Dianópolis,IFTO - CAMPUS DIANOPOLIS,Rural,Federal
17055067,1702208,ARAGUATINS,Araguatins,CENTRO DE EDUCACAO INFANTIL DONA MARINA PEREIRA DE MIRANDA,Urbana,Municipal
17055075,1709005,ARAGUAINA,Goiatins,CRECHE MUNICIPAL JOSE DE ARAUJO COELHO,Rural,Municipal
17055083,1717909,PORTO NACIONAL,Ponte Alta do Tocantins,ESCOLA MUNICIPAL CRECHE PROFESSORA ADELAIDE AIRES DA SILVA BARROS,Urbana,Municipal
17055113,1703701,PORTO NACIONAL,Brejinho de Nazaré,CMEI LAURINDO AIRES DA SILVA,Urbana,Municipal
17055130,1714302,TOCANTINOPOLIS,Nazaré,CRECHE MUNICIPAL DONA TEREZA RODRIGUES DE CARVALHO,Urbana,Municipal
17055148,1703107,PARAISO,Barrolândia,CENTRO MUNICIPAL DE EDUCACAO INFANTIL CRISTINO REGENES CARDOSO,Urbana,Municipal
17055156,1705557,ARRAIAS,Combinado,CRECHE MUNICIPAL CASTELO ENCANTADO DONA DONINHA,Urbana,Municipal
17055172,1713205,MIRACEMA DO TOCANTINS,Miracema do Tocantins,ESTACAO DA CRIANCA,Urbana,Privada
17055180,1709500,GURUPI,Gurupi,ESCOLA MUNICIPAL PROFESSOR VALNIR DE SOUZA SOARES,Urbana,Municipal
17055199,1716604,GURUPI,Peixe,CENTRO MUNICIPAL DE EDUCACAO INFANTIL MARIA DE JESUS BARROS,Urbana,Municipal
17055202,1707009,DIANOPOLIS,Dianópolis,CENTRO MUNICIPAL DE EDUCACAO INFANTIL MARIA PARTEIRA,Urbana,Municipal
17055229,1703891,ARAGUATINS,Carrasco Bonito,CENTRO MUNICIPAL DE EDUCACAO INFANTIL NOE GONCALVES,Urbana,Municipal
17055237,1716703,GUARAI,Colméia,CENTRO MUNICIPAL DE EDUCACAO INFANTIL FABYANO RIBEIRO DE OLIVEIRA,Urbana,Municipal
17055245,1721000,PALMAS,Palmas,CENTRO MUNICIPAL DE EDUCACAO INFANTIL PEQUENOS BRILHANTES,Urbana,Municipal
17055253,1721000,PALMAS,Palmas,CENTRO MUNICIPAL DE EDUCACAO INFANTIL CARROSSEL,Urbana,Municipal
17055261,1702109,ARAGUAINA,Araguaína,CRECHE MUNICIPAL JOSE XAVIER,Urbana,Municipal
17055270,1702109,ARAGUAINA,Araguaína,CENTRO DE EDUCACAO INFANTIL- CEI PROFESSORA EDILIA MORAES SOARES,Urbana,Municipal
17055288,1702109,ARAGUAINA,Araguaína,CENTRO EDUCACIONAL INFANTIL PROFESSORA LUSINEIDE DOS SANTOS NASCIMENTO PROFESSORA NEIDE,Urbana,Municipal
17055296,1702109,ARAGUAINA,Araguaína,CENTRO DE EDUCACAO INFANTIL - CEI SITIO DA DONA BENTA,Urbana,Municipal
17055300,1702109,ARAGUAINA,Araguaína,CENTRO DE EDUCACAO INFANTIL - CEI CORA CORALINA,Urbana,Municipal
17055318,1702109,ARAGUAINA,Araguaína,ESCOLA MUNICIPAL LUIZ GONZAGA,Urbana,Municipal
17055326,1702901,ARAGUATINS,Axixá do Tocantins,CRECHE MUNICIPAL GABRIEL SIQUEIRA CAMPOS,Urbana,Municipal
17055334,1702554,ARAGUATINS,Augustinópolis,ESCOLA MUNICIPAL ANDREIA DOS SANTOS SOUSA,Rural,Municipal
17055350,1721000,PALMAS,Palmas,CENTRO DE ENSINO INTEGRADO DAS AMERICAS - ESCOLA MAPLE BEAR DE PALMAS,Urbana,Privada
17055369,1718204,PORTO NACIONAL,Porto Nacional,ESCOLA PINGO DE GENTE,Rural,Privada
17055377,1716505,PEDRO AFONSO,Pedro Afonso,IFTO - CAMPUS PEDRO AFONSO,Urbana,Federal
17055393,1716307,COLINAS DO TOCANTINS,Pau D'Arco,CENTRO DE EDUCACAO INFANTIL PROFESSORA EUZENIR DE SOUZA ALCANTARA,Urbana,Municipal
17055407,1718907,PORTO NACIONAL,Santa Rosa do Tocantins,CENTRO EDUCACIONAL AQUARELA,Urbana,Privada
17055415,1709005,ARAGUAINA,Goiatins,ESCOLA MUNICIPAL INDIGENA RIO VERMELHO,Rural,Municipal
17055423,1709005,ARAGUAINA,Goiatins,ESCOLA MUNICIPAL INDIGENA 19 DE ABRIL,Rural,Municipal
17055431,1720200,ARAGUATINS,São Miguel do Tocantins,CRECHE MUNICIPAL MENINO JESUS,Rural,Municipal
17055440,1721000,PALMAS,Palmas,SERVICO NACIONAL DE APRENDIZAGEM COMERCIAL - UNIDADE OPERATIVA TAQUARALTO,Urbana,Privada
17055466,1709500,GURUPI,Gurupi,ASSOCIACAO GURUPIENSE DOS AMIGOS DO BASQUETEBOL,Urbana,Privada
17055474,1711803,COLINAS DO TOCANTINS,Juarina,CENTRO MUNICIPAL DE EDUCACAO INFANTIL JOAO BATISTA DE JESUS RIBEIRO,Urbana,Municipal
17055482,1721000,PALMAS,Palmas,CENTRO MUNICIPAL DE EDUCACAO INFANTIL PEQUENINOS DO CERRADO,Urbana,Municipal
17055490,1721000,PALMAS,Palmas,CENTRO MUNICIPAL DE EDUCACAO INFANTIL SEMENTINHAS DO SABER,Urbana,Municipal
17055512,1710508,PEDRO AFONSO,Itacajá,CEMEI -CENTRO MUNICIPAL DE EDUCACAO INFANTIL ANTONIA DE ALENCAR FERNANDES,Urbana,Municipal
17055520,1709500,GURUPI,Gurupi,CENTRO MUNICIPAL DE EDUCACAO INFANTIL IRMA DIVINA,Urbana,Municipal
17055539,1721000,PALMAS,Palmas,COLEGIO NABLA E VESTIBULARES,Urbana,Privada
17055547,1718204,PORTO NACIONAL,Porto Nacional,CRECHE DONA APARECIDA BERTAN VENTURINI,Urbana,Municipal
17055555,1718204,PORTO NACIONAL,Porto Nacional,CENTRO MUNICIPAL DE EDUCACAO INFANTIL PROFESSORA LIDIANE BARBOSA PIRES,Urbana,Municipal
17055571,1705508,COLINAS DO TOCANTINS,Colinas do Tocantins,IFTO - CAMPUS COLINAS DO TOCANTINS,Urbana,Federal
17055580,1708205,GURUPI,Formoso do Araguaia,IFTO - CAMPUS AVANCADO FORMOSO DO ARAGUAIA,Urbana,Federal
17055598,1711902,PARAISO,Lagoa da Confusão,IFTO - CAMPUS AVANCADO LAGOA DA CONFUSAO,Urbana,Federal
17055628,1705508,COLINAS DO TOCANTINS,Colinas do Tocantins,CRECHE MUNICIPAL CACAUZINHA,Urbana,Municipal
17055636,1705508,COLINAS DO TOCANTINS,Colinas do Tocantins,CRECHE MUNICIPAL DONA ELIDIA FIM FERRARI,Urbana,Municipal
17055644,1718204,PORTO NACIONAL,Porto Nacional,CENTRO DE ENSINO VERBO,Urbana,Privada
17055652,1721000,PALMAS,Palmas,ESCOLA MUNICIPAL DE TEMPO INTEGRAL PROFª MARGARIDA LEMOS GONCALVES,Urbana,Municipal
17055660,1721000,PALMAS,Palmas,ESCOLA MUNICIPAL DE TEMPO INTEGRAL ANISIO SPINOLA TEIXEIRA,Urbana,Municipal
17055679,1721000,PALMAS,Palmas,CENTRO MUNICIPAL DE EDUCACAO INFANTIL CASTELO ENCANTADO,Urbana,Municipal
17055687,1714880,ARAGUAINA,Nova Olinda,CENTRO MUNICIPAL DE EDUCACAO INFANTIL PROFESSORA MARIA LIEGE FEITOZA,Urbana,Municipal
17055695,1718501,PEDRO AFONSO,Recursolândia,CENTRO MUNICIPAL DE EDUCACAO INFANTIL GOTINHA DA ALEGRIA,Urbana,Municipal
17055709,1720259,GURUPI,São Salvador do Tocantins,CRECHE MUNICIPAL ANA LUIZA RIBEIRO NUNES,Rural,Municipal
17055733,1720903,DIANOPOLIS,Taguatinga,ESCOLA MUNICIPAL MARIA GUEDES LIMA,Urbana,Municipal
17055741,1702109,ARAGUAINA,Araguaína,COLEGIO INTELECTUS,Urbana,Privada
17055750,1700400,DIANOPOLIS,Almas,ESCOLA MUNICIPAL PREFEITO MANOEL NEPOMUCENO LOPES,Urbana,Municipal
17055768,1720002,TOCANTINOPOLIS,Santa Terezinha do Tocantins,CRECHE MUNICIPAL PROFESSORA FRANCISCA GOMES DA COSTA,Urbana,Municipal
17055776,1708304,GUARAI,Goianorte,CRECHE MUNICIPAL EDILEUZA MARIA ARAUJO SILVA,Urbana,Municipal
17055784,1716703,GUARAI,Colméia,CENTRO MUNICIPAL DE EDUCACAO INFANTIL EURIPEDES VIEIRA DE SOUSA,Urbana,Municipal
17055792,1716703,GUARAI,Colméia,ESCOLA MUNICIPAL AMBROZINA LIMA DO PRADO,Rural,Municipal
17055822,1702109,ARAGUAINA,Araguaína,INSTITUTO POSITIVE DE EDUCACAO TECNOLOGICA LTDA,Urbana,Privada
17055830,1721000,PALMAS,Palmas,INTERACAO VOZES ATIVAS - TEOTONIO,Urbana,Privada
17055849,1709500,GURUPI,Gurupi,CENTRO MUNICIPAL DE EDUCACAO INFANTIL ONEIDE DE SOUSA COELHO,Urbana,Municipal
17055857,1720259,GURUPI,São Salvador do Tocantins,COLEGIO ESTADUAL FAMILIA AGRICOLA JOSE PORFIRIO DE SOUZA,Rural,Estadual
17055865,1721000,PALMAS,Palmas,CENTRO MUNICIPAL DE EDUCACAO INFANTIL ANA LUIZA DE ARAUJO NAPUNUCENO,Urbana,Municipal
17055873,1709500,GURUPI,Gurupi,CENTRO MUNICIPAL DE EDUCACAO INFANTIL TANIA MARIA MARINHO SCOTTA,Urbana,Municipal
17055881,1701051,TOCANTINOPOLIS,Angico,CEMEI - CENTRO MUNICIPAL DE EDUCACAO INFANTIL MAE CAMILA,Urbana,Municipal
17055903,1700400,DIANOPOLIS,Almas,CENTRO EDUCACIONAL MUNICIPAL DE EDUCACAO INFANTIL GESUITA BARBOSA DOS SANTOS PACINI,Urbana,Municipal
17055920,1718204,PORTO NACIONAL,Porto Nacional,ESCOLA MUNICIPAL JACINTO BISPO ARANTES SENHOR RIO,Urbana,Municipal
17055938,1721000,PALMAS,Palmas,PEQUENINOS SOCIEDADE EDUCACIONAL,Urbana,Privada
17055946,1711902,PARAISO,Lagoa da Confusão,CENTRO EDUCACIONAL DINAMICO,Urbana,Privada
17055954,1707009,DIANOPOLIS,Dianópolis,ESCOLA MUNICIPAL IMACULADA CONCEICAO II,Urbana,Municipal
17055962,1721000,PALMAS,Palmas,COLEGIO PRESBITERIANO MACKENZIE PALMAS,Urbana,Privada
17055989,1703057,COLINAS DO TOCANTINS,Bandeirantes do Tocantins,CMEI-SENADOR JOAO RIBEIRO,Urbana,Municipal
17055997,1718709,MIRACEMA DO TOCANTINS,Rio dos Bois,ESCOLA MUNICIPAL ILANNA TAVARES DA COSTA,Urbana,Municipal
17056004,1716703,GUARAI,Colméia,CENTRO EDUCACIONAL ARTE DO SABER - CEAS,Urbana,Privada
17056012,1707702,ARAGUAINA,Filadélfia,ESCOLA ESTADUAL PROFESSOR JOSE FRANCISCO DOS MONTES,Rural,Estadual
17056039,1721109,MIRACEMA DO TOCANTINS,Tocantínia,ESCOLA MUNICIPAL DE EDUCACAO INFANTIL INDIGENA SIMSARI,Rural,Municipal
17056047,1702109,ARAGUAINA,Araguaína,ESCOLA DE TEMPO INTEGRAL JOAQUIM CARLOS SABINO DOS SANTOS,Urbana,Municipal
17056055,1702109,ARAGUAINA,Araguaína,CEI MUNICIPAL ELIZABETH ALVES CARVALHO,Urbana,Municipal
17056063,1721000,PALMAS,Palmas,CENTRO EDUCACIONAL CONCEITO,Urbana,Privada
17056071,1703107,PARAISO,Barrolândia,ESCOLA MUNICIPAL MARCELLA COUTO CABRAL,Urbana,Municipal
17056080,1712801,TOCANTINOPOLIS,Maurilândia do Tocantins,CMEI CENTRO MUNICIPAL DE EDUCACAO INFANTIL TIMOTEA ALVES LIMA - VOVO TIMOTIA,Urbana,Municipal
17056098,1706001,GUARAI,Couto Magalhães,ESCOLA DE CAMPO SENADOR JOAO RIBEIRO,Rural,Municipal
17056101,1721000,PALMAS,Palmas,ESCOLA MUNICIPAL DE TEMPO INTEGRAL PROFESSOR FIDENCIO BOGO,Rural,Municipal
17056110,1721000,PALMAS,Palmas,ESCOLA MUNICIPAL DE TEMPO INTEGRAL ALMIRANTE TAMANDARE,Urbana,Municipal
17056128,1707009,DIANOPOLIS,Dianópolis,ESCOLA MUNICIPAL PROFESSOR RENATO RODRIGUES ALVES,Urbana,Municipal
17056144,1717909,PORTO NACIONAL,Ponte Alta do Tocantins,ESCOLA MUNICIPAL DE EDUCACAO BASICA CLEYTON MAIA BARROS,Urbana,Municipal
17056152,1702109,ARAGUAINA,Araguaína,EDUCANDARIO DE ARAGUAINA,Urbana,Privada
17056160,1717503,PARAISO,Pium,CMEI-LIGIA MARIA RODRIGUES BRAGA,Urbana,Municipal
17056179,1716109,PARAISO,Paraíso do Tocantins,CRECHE MUNICIPAL PROFESSORA MARIA DO CARMO FERREIRA,Urbana,Municipal
17056195,1702208,ARAGUATINS,Araguatins,ESCOLA MUNICIPAL SAO VICENTE FERRER,Urbana,Municipal
17056209,1702554,ARAGUATINS,Augustinópolis,CRECHE MUNICIPAL MARIA CAYRES DE ALMEIDA,Urbana,Municipal
17056233,1707405,ARAGUATINS,Esperantina,ESCOLA MUNICIPAL DE EDUCACAO INFANTIL PASSINHO DA CRIANCA,Urbana,Municipal
17056241,1702109,ARAGUAINA,Araguaína,ESCOLA DE ARTES DE ARAGUAINA RAIMUNDO PAULINO,Urbana,Municipal
17056250,1702109,ARAGUAINA,Araguaína,CENTRO DE EDUCACAO INFANTIL-CEI PREFEITO JOAO BATISTA DE JESUS RIBEIRO,Urbana,Municipal
17056268,1710508,PEDRO AFONSO,Itacajá,ESCOLA INDIGENA BARRA,Rural,Estadual
17056276,1709005,ARAGUAINA,Goiatins,ESCOLA INDIGENA KEN POJKRE,Rural,Estadual
17056314,1716505,PEDRO AFONSO,Pedro Afonso,ESCOLA MUNICIPAL JOSE COMBAS ALAMEDA,Urbana,Municipal
17056322,1702109,ARAGUAINA,Araguaína,CLINICA ESCOLA MUNDO AUTISTA,Urbana,Municipal
17056330,1702109,ARAGUAINA,Araguaína,ESCOLA MUNICIPAL JOSE GOMES SOBRINHO,Urbana,Municipal
17056349,1718303,ARAGUATINS,Praia Norte,CENTRO EDUCACIONAL NOGUEIRA LIMA,Urbana,Municipal
17056365,1720200,ARAGUATINS,São Miguel do Tocantins,CRECHE MUNICIPAL PARAISO DO SABER,Urbana,Municipal
17056381,1700301,TOCANTINOPOLIS,Aguiarnópolis,CRECHE MUNICIPAL PROINFANCIA PROFESSORA MARIA AMELIA MORAIS DA SILVA FERNANDES,Urbana,Municipal
17056390,1721000,PALMAS,Palmas,CENTRO MUNICIPAL DE EDUCACAO INFANTIL JOAO E MARIA,Urbana,Municipal
17056403,1708304,GUARAI,Goianorte,ESCOLA MUNICIPAL ANTONIO COELHO RIBEIRO,Rural,Municipal
17056411,1702554,ARAGUATINS,Augustinópolis,CRECHE MUNICIPAL PERMINA FERREIRA DE ALMEIDA,Urbana,Municipal
17056420,1721000,PALMAS,Palmas,COLEGIO DOM BOSCO TAQUARALTO,Urbana,Privada
17056438,1721000,PALMAS,Palmas,ESCOLA ESTADUAL PROFESSORA ELIZANGELA GLORIA CARDOSO,Urbana,Estadual
17056446,1721000,PALMAS,Palmas,COLEGIO OLIMPO PALMAS INTEGRAL,Urbana,Privada
17056454,1705508,COLINAS DO TOCANTINS,Colinas do Tocantins,ESCOLA MUNICIPAL NOSSA SENHORA APARECIDA,Urbana,Municipal
17056462,1707207,MIRACEMA DO TOCANTINS,Dois Irmãos do Tocantins,ESCOLA MUNICIPAL PROFESSOR ANTONIO PEREIRA ARRUDA,Urbana,Municipal
17056470,1707009,DIANOPOLIS,Dianópolis,ESCOLA MUNICIPAL BATISTA B H FOREMAN,Urbana,Municipal
17056497,1718204,PORTO NACIONAL,Porto Nacional,ESCOLA MUNICIPAL CABO WILSON COSTA FARIAS,Urbana,Municipal
17056500,1712454,TOCANTINOPOLIS,Luzinópolis,CENTRO MUNICIPAL DE EDUCACAO INFANTIL PROFESSORA RITA GONCALVES,Urbana,Municipal
17056519,1718865,ARAGUAINA,Santa Fé do Araguaia,CENTRO EDUCACIONAL EVANGELICO SHEKINAH,Urbana,Privada
17056527,1721000,PALMAS,Palmas,INTERACAO VOZES ATIVAS - CAPIM DOURADO,Urbana,Privada
17056535,1721000,PALMAS,Palmas,CENTRO DE FORMACAO PROFISSIONAL DE TAQUARALTO,Urbana,Privada
17056543,1720200,ARAGUATINS,São Miguel do Tocantins,CRECHE MUNICIPAL CAMINHO DO FUTURO,Rural,Municipal
17056551,1704600,PARAISO,Chapada de Areia,CENTRO MUNICIPAL DE EDUCACAO INFANTIL RICARDO ARAUJO AIRES,Urbana,Municipal
17056586,1721000,PALMAS,Palmas,CENTRO EDUCACIONAL JCC LTDA,Urbana,Privada
17056594,1701101,PALMAS,Aparecida do Rio Negro,CENTRO MUNICIPAL DE EDUCACAO INFANTIL AQUARELA,Urbana,Municipal
17056608,1705508,COLINAS DO TOCANTINS,Colinas do Tocantins,ESCOLA MUNICIPAL PROFESSORA ODETE CARVALHO DOS SANTOS,Urbana,Municipal
17056616,1721000,PALMAS,Palmas,CENTRO MUNICIPAL DE EDUCACAO INFANTIL ROMILDA BUDKE GUARDA,Urbana,Municipal
17056624,1721000,PALMAS,Palmas,CENTRO MUNICIPAL DE EDUCACAO INFANTIL ANA LUISA RODRIGUES VALDEVINO,Urbana,Municipal
17056632,1709500,GURUPI,Gurupi,CENTRO MUNICIPAL DE EDUCACAO INFANTIL SENADOR JOAO RIBEIRO,Urbana,Municipal
17056640,1709500,GURUPI,Gurupi,CENTRO MUNICIPAL DE EDUCACAO INFANTIL RAIMUNDA REGINO DE LIMA,Urbana,Municipal
17056659,1721000,PALMAS,Palmas,CENTRO DE ATENDIMENTO EDUCACIONAL ESPECIALIZADO - CAEE - MARCIA DIAS COSTA NUNES,Urbana,Estadual
17056667,1712702,PALMAS,Mateiros,CEMEI - CENTRO MUNICIPAL DE EDUCACAO INFANTIL COMECO DE VIDA,Urbana,Municipal
17056675,1721000,PALMAS,Palmas,CENTRO MUNICIPAL DE EDUCACAO INFANTIL VITORIA-REGIA,Urbana,Municipal
17056683,1702109,ARAGUAINA,Araguaína,ESCOLA SUCESSO,Urbana,Privada
17056691,1701309,ARAGUAINA,Aragominas,ESCOLA ESTADUAL JOSE DOMINGOS CARVALHO BARBOSA,Rural,Estadual
17056705,1718204,PORTO NACIONAL,Porto Nacional,CENTRO MUNICIPAL DE EDUCACAO INFANTIL PROFESSORA JUDITH TAVARES DE MENESES,Urbana,Municipal
17056713,1720655,PORTO NACIONAL,Silvanópolis,CMEI TEREZINHA ROSA SIQUEIRA,Urbana,Municipal
17056721,1709500,GURUPI,Gurupi,COLEGIO GENIUS,Urbana,Privada
17056730,1711902,PARAISO,Lagoa da Confusão,ESCOLA INDIGENA IROM KAM CO,Rural,Estadual
17056748,1716109,PARAISO,Paraíso do Tocantins,CFP PARAISO ANTONIO CONCEICAO CUNHA FILHO,Urbana,Privada
17056756,1721000,PALMAS,Palmas,COLEGIO DOM BOSCO ORIGINAL LTDA,Urbana,Privada
17056764,1721000,PALMAS,Palmas,SERVICO NACIONAL DE APRENDIZAGEM COMERCIAL - CENTRO DE IDIOMAS,Urbana,Privada
17056772,1711506,GURUPI,Jaú do Tocantins,ESCOLA MUNICIPAL GERTRUDES TAVARES DE LIMA,Urbana,Municipal
17056780,1711902,PARAISO,Lagoa da Confusão,CENTRO EDUCACIONAL EBENEZER,Urbana,Privada
17056802,1703867,GURUPI,Cariri do Tocantins,CMEI CENTRO MUNICIPAL DE EDUCACAO INFANTIL LUZIA SOUZA FERREIRA,Urbana,Municipal
17056810,1703891,ARAGUATINS,Carrasco Bonito,ESCOLA MUNICIPAL JOAO FIRMINO DOS SANTOS,Rural,Municipal
17056845,1721000,PALMAS,Palmas,CENTRO EDUCACIONAL ENCANTO,Urbana,Privada
17056853,1702109,ARAGUAINA,Araguaína,CENTRO DE EDUCACAO INFANTIL VOVO JORGE FREDERICO,Urbana,Municipal
17056861,1721000,PALMAS,Palmas,ESCOLA ESPIRITA CHICO XAVIER,Urbana,Privada
17056870,1709500,GURUPI,Gurupi,CENTRO MUNICIPAL DE EDUCACAO INFANTIL PROFESSOR JOSUE ALVES MOREIRA,Urbana,Municipal
17056888,1718402,GUARAI,Presidente Kennedy,CRECHE MUNICIPAL ERIVALDA VELOSO NUNES FERNANDES,Urbana,Municipal
17056896,1708205,GURUPI,Formoso do Araguaia,CRECHE MUNICIPAL PROFESSOR FRANCISCO NOGUEIRA DA ROCHA,Urbana,Municipal
17056900,1721000,PALMAS,Palmas,COLEGIO OLIMPO PALMAS INTEGRAL - KIDS,Urbana,Privada
17056918,1720101,ARAGUATINS,São Bento do Tocantins,CEI - CENTRO DE EDUCACAO INFANTIL PROFESSORA MARIA DA PAZ PEREIRA DE OLIVEIRA PARENTE,Urbana,Municipal
17056926,1702109,ARAGUAINA,Araguaína,ESCOLA INFANTIL TEMPO MELHOR - EIRELI,Urbana,Privada
17056934,1707306,GURUPI,Dueré,CENTRO MUNICIPAL DE EDUCACAO INFANTIL - CMEI LUIZA BARROS DE CARVALHO NETA,Urbana,Municipal
17056942,1721000,PALMAS,Palmas,INSTITUTO TOCANTINENSE DE EDUCACAO SUPERIOR E PESQUISA LTDA,Urbana,Privada
17056950,1721000,PALMAS,Palmas,ATITUDE CURSOS,Urbana,Privada
17056969,1702109,ARAGUAINA,Araguaína,ESCOLA DE TEMPO INTEGRAL JARDENIR JORGE FREDERICO,Urbana,Estadual
17056977,1701309,ARAGUAINA,Aragominas,ESCOLA MUNICIPAL INFANTIL CRECHE MARIA MOTA,Urbana,Municipal
17056993,1708304,GUARAI,Goianorte,INSTITUTO TOCANTINENSE DE ENSINO TECNICO E SUPERIOR EDUCARE,Urbana,Privada
17057000,1702109,ARAGUAINA,Araguaína,ESCOLINHA PEQUENINA GERACAO,Urbana,Privada
17057019,1718550,ARAGUAINA,Riachinho,CENTRO DE EDUCACAO INFANTIL PROFESSORA GILZA MOREIRA DE MELO GOMES,Urbana,Municipal
17057027,1702208,ARAGUATINS,Araguatins,INSTITUTO RENASCER,Urbana,Privada
17057035,1718840,GURUPI,Sandolândia,ESCOLA MUNICIPAL INDIGENA DODO TYHERE JAVAE,Rural,Municipal
17057043,1707405,ARAGUATINS,Esperantina,ESCOLA MUNICIPAL PROFESSORA IVA FARIAS,Rural,Municipal
17057051,1715754,GURUPI,Palmeirópolis,CENTRO DE EDUCACAO INFANTIL SONHO MEU,Urbana,Municipal
17057078,1711902,PARAISO,Lagoa da Confusão,CRECHE MUNICIPAL ALDEIA INDIGENA KARAJA SANTA ISABEL DO MORRO,Rural,Municipal
17057086,1721000,PALMAS,Palmas,CENTRO MUNICIPAL DE EDUCACAO INFANTIL MUNDO FELIZ,Urbana,Municipal
17057094,1711902,PARAISO,Lagoa da Confusão,CRECHE MUNICIPAL ALDEIA INDIGENA KARAJA FONTOURA,Rural,Municipal
17057108,1716109,PARAISO,Paraíso do Tocantins,ESCOLA DE TEMPO INTEGRAL PROFESSORA RITA ANDRADE SANTOS,Urbana,Estadual
17057116,1721000,PALMAS,Palmas,CENTRO MUNICIPAL DE EDUCACAO INFANTIL PROFª JUCEIA,Urbana,Municipal
17057124,1716505,PEDRO AFONSO,Pedro Afonso,COLEGIO DE TEMPO INTEGRAL PROFESSOR ANTONIO BELARMINO FILHO,Urbana,Estadual
17057132,1720655,PORTO NACIONAL,Silvanópolis,ESCOLA MUNICIPAL PROFESSOR LUCAS PINTO DE ALMEIDA,Urbana,Municipal
17057140,1721000,PALMAS,Palmas,CENTRO MUNICIPAL DE EDUCACAO INFANTIL TEREZINHA ALVES EVANGELISTA,Urbana,Municipal
17057159,1716653,GUARAI,Pequizeiro,ESCOLA ESPECIAL VIVENDO FELIZ,Urbana,Privada
17057167,1721000,PALMAS,Palmas,ALFABETHUS CENTRO EDUCACIONAL,Urbana,Privada
17057175,1716109,PARAISO,Paraíso do Tocantins,REDE DE ENSINO PROPOSITO-REP,Urbana,Privada
17057183,1702109,ARAGUAINA,Araguaína,ESCOLA DE TEMPO INTEGRAL SENHOR DOMINGOS DA CRUZ MACHADO,Urbana,Estadual
17057191,1702208,ARAGUATINS,Araguatins,ESCOLA MUNICIPAL CANTINHO DO SABER,Urbana,Municipal
17057205,1709500,GURUPI,Gurupi,ESCOLA MUNICIPAL INSTITUTO EDUCACIONAL OS PEQUENINOS DE JESUS,Urbana,Municipal
17057213,1718204,PORTO NACIONAL,Porto Nacional,ESCOLA MUNICIPAL DE TEMPO INTEGRAL FRANCISCO PINHEIRO DE LEMOS,Urbana,Municipal
17057221,1702208,ARAGUATINS,Araguatins,ESCOLA DE TEMPO INTEGRAL PROFESSORA ONEIDE DA CRUZ MOUSINHO,Urbana,Estadual
17057230,1721000,PALMAS,Palmas,ESCOLA VAGALUME,Urbana,Privada
17057248,1721000,PALMAS,Palmas,BERCARIO RECRIAR LTDA,Urbana,Privada
17057256,1721000,PALMAS,Palmas,ESPACO INFANTIL CASA DE VO,Urbana,Privada
17057264,1721000,PALMAS,Palmas,CENTRO EDUCACIONAL LAPIS DE COR,Urbana,Privada
17057272,1721000,PALMAS,Palmas,NENA KIDS,Urbana,Privada
17057280,1709302,GUARAI,Guaraí,COLEGIO GUARAI,Urbana,Privada
17057299,1713205,MIRACEMA DO TOCANTINS,Miracema do Tocantins,CENTRO MUNICIPAL DE EDUCACAO INFANTIL VOVO LUIZA BUCAR,Urbana,Municipal
17057310,1716109,PARAISO,Paraíso do Tocantins,CENTRO MUNICIPAL DE EDUCACAO INFANTIL PROFESSORA CONCEICAO VILANI CAMPOS DUTRA BRAGA,Urbana,Municipal
17057329,1709302,GUARAI,Guaraí,CENTRO MUNICIPAL DE EDUCACAO INFANTIL PROFESSORA AUREA GONCALVES MOREIRA MACEDO,Urbana,Municipal
17057337,1718303,ARAGUATINS,Praia Norte,ESCOLA MUNICIPAL DE ENSINO FUNDAMENTAL JEAN PIAGET,Rural,Municipal
17057345,1718881,PEDRO AFONSO,Santa Maria do Tocantins,CMEI MUNICIPAL PEQUENO CIDADAO,Urbana,Municipal
17057353,1718840,GURUPI,Sandolândia,CENTRO MUNICIPAL DE EDUCACAO INFANTIL PROFESSORA ODETE CARDOSO NOGUEIRA,Urbana,Municipal
17057361,1706001,GUARAI,Couto Magalhães,ESCOLA MUNICIPAL PORTAL DO CONHECIMENTO,Urbana,Municipal
17057370,1718865,ARAGUAINA,Santa Fé do Araguaia,CMEI PROFESSORA MARIA DE JESUS ALVES,Urbana,Municipal
17057388,1702109,ARAGUAINA,Araguaína,CERRATO TECNICO,Urbana,Privada
17057396,1718865,ARAGUAINA,Santa Fé do Araguaia,ESCOLA MUNICIPAL DE EDUCACAO INFANTIL INDIGENA ULADU BUTUNA,Rural,Municipal
17057400,1714203,PORTO NACIONAL,Natividade,CENTRO EDUCACIONAL ESPACO DO SABER,Urbana,Privada
17057418,1703800,ARAGUATINS,Buriti do Tocantins,CRECHE MUNICIPAL PROFESSORA MARIA BENTA,Urbana,Municipal
17057426,1720101,ARAGUATINS,São Bento do Tocantins,ESCOLA MUNICIPAL PROFESSOR JOAO PAULO CARNEIRO RODRIGUES,Urbana,Municipal
17057434,1720200,ARAGUATINS,São Miguel do Tocantins,CENTRO MUNICIPAL DE EDUCACAO INFANTIL SEMENTES DO FUTURO CMEISF,Urbana,Municipal
17057442,1716208,ARRAIAS,Paranã,CMEI PROFESSORA CLEUSA SOUZA BENEVIDES BEZERRA,Urbana,Municipal
17057450,1721000,PALMAS,Palmas,CENTRO MUNICIPAL DE EDUCACAO INFANTIL ARARAS,Urbana,Municipal
17057469,1702109,ARAGUAINA,Araguaína,EDUCAPI CENTRO EDUCACIONAL,Urbana,Privada
17057477,1718204,PORTO NACIONAL,Porto Nacional,ESCOLA MUNICIPAL PROFESSORA MAGNOLIA SILVA DOS SANTOS,Urbana,Municipal
17057485,1721000,PALMAS,Palmas,ESCOLA ESTADUAL MARIA RIBEIRO DE OLIVEIRA - MARIA BATISTA,Urbana,Estadual
17057493,1709500,GURUPI,Gurupi,ESCOLA MUNICIPAL INSTITUTO PRESBITERIANO EDUCACIONAL,Urbana,Municipal
17057507,1720804,ARAGUATINS,Sítio Novo do Tocantins,CENTRO MUNICIPAL DE EDUCACAO INFANTIL MARIA GONCALVES DOS SANTOS,Rural,Municipal
17057515,1702109,ARAGUAINA,Araguaína,ESCOLA MUNICIPAL ALLAN KARDEC,Urbana,Municipal
17057523,1702109,ARAGUAINA,Araguaína,CENTRO DE EDUCACAO INFANTIL GARDENE MOTA,Urbana,Municipal
17057531,1721000,PALMAS,Palmas,ESCOLA ADVENTISTA PALMAS SUL,Urbana,Privada
17057540,1716505,PEDRO AFONSO,Pedro Afonso,COLEGIO COMERCIAL IMPACTO,Urbana,Privada
17057558,1720499,GURUPI,São Valério,ESCOLA MUNICIPAL JOAO PEREIRA SOBRINHO,Urbana,Municipal
17057566,1703842,ARAGUAINA,Campos Lindos,INSTITUTO EDUCACIONAL PEREIRA MARTINS,Urbana,Privada
17057574,1721000,PALMAS,Palmas,COLEGIO COC INTEGRAL,Urbana,Privada
17057582,1702109,ARAGUAINA,Araguaína,ESCOLA MUNICIPAL ANATOLIO DIAS CARNEIRO,Rural,Municipal
17057590,1702109,ARAGUAINA,Araguaína,CENTRO DE EDUCACAO INFANTIL PEQUENO PRINCIPE,Urbana,Municipal
17057604,1702109,ARAGUAINA,Araguaína,ESCOLA IMPERIUM,Urbana,Privada
17057612,1702109,ARAGUAINA,Araguaína,IMPERIUM BABY,Urbana,Privada
17057620,1702109,ARAGUAINA,Araguaína,IMPERIUM EDUCACIONAL,Urbana,Privada
17057639,1703826,TOCANTINOPOLIS,Cachoeirinha,ESCOLA MUNICIPAL INDIGENA NHINO,Rural,Municipal
17057647,1721000,PALMAS,Palmas,ASSOCIACAO BENEFICENTE DE ASSISTENCIA A VIDA,Urbana,Privada
17057655,1702109,ARAGUAINA,Araguaína,COLEGIO QUERUBINS,Urbana,Privada
17057663,1721000,PALMAS,Palmas,GTP CURSOS TECNICOS E PROFISSIONALIZANTES LTDA,Urbana,Privada
17057671,1721000,PALMAS,Palmas,COLEGIO SAO FILIPE NERI,Urbana,Privada
17057698,1721000,PALMAS,Palmas,SPHERE PALMAS,Urbana,Privada
17064007,1721000,PALMAS,Palmas,ESCOLA ESTADUAL NOVA GERACAO,Rural,Estadual
17064600,1702208,ARAGUATINS,Araguatins,APAE ASSOC DE PAIS E AMIGOS DOS EXCEPCIONAIS,Urbana,Privada
17065003,1718865,ARAGUAINA,Santa Fé do Araguaia,EDUCANDARIO GENTE INOCENTE,Urbana,Privada
17065402,1700251,PARAISO,Abreulândia,CENTRO EDUCACIONAL PEQUENO PRINCIPE,Urbana,Municipal
17065801,1710508,PEDRO AFONSO,Itacajá,ESCOLA ESTADUAL INDIGENA MANGABEIRA,Rural,Estadual
17066409,1721000,PALMAS,Palmas,CENTRO EDUCACIONAL AQUARELA,Urbana,Privada
17066808,1711902,PARAISO,Lagoa da Confusão,ESCOLA ESTADUAL INDIGENA WYAPRI,Rural,Estadual
17067405,1707207,MIRACEMA DO TOCANTINS,Dois Irmãos do Tocantins,ESCOLA ESPECIAL CLOVIS DE ASSIS,Urbana,Privada
17067600,1708205,GURUPI,Formoso do Araguaia,APAE - ESCOLA ESPECIAL ANJO DA GUARDA,Urbana,Privada
17067804,1721000,PALMAS,Palmas,ESCOLA MUNICIPAL DE TEMPO INTEGRAL PADRE JOSIMO TAVARES,Urbana,Municipal
17067812,1721000,PALMAS,Palmas,CENTRO MUNICIPAL DE EDUCACAO INFANTIL IRMA MARIA CUSTODIA DE JESUS,Urbana,Municipal
17068207,1721000,PALMAS,Palmas,CENTRO EDUCACIONAL INFANTIL ALEGRIA E CIA,Urbana,Privada
17068401,1714302,TOCANTINOPOLIS,Nazaré,ESCOLA MUNICIPAL DOMINGOS DE CASTRO RIBEIRO,Rural,Municipal
17068410,1700301,TOCANTINOPOLIS,Aguiarnópolis,ESCOLA MUNICIPAL DEGRAUS DO SABER,Urbana,Municipal
17068606,1715259,DIANOPOLIS,Novo Jardim,ESCOLA MUNICIPAL PROFESSORA ANORELINA,Urbana,Municipal
17068800,1721000,PALMAS,Palmas,COLEGIO MILITAR DO ESTADO DO TOCANTINS - UNIDADE I,Urbana,Estadual
17068819,1716653,GUARAI,Pequizeiro,ESCOLA MUNICIPAL PAULO FREIRE,Rural,Municipal
17069009,1703008,ARAGUAINA,Babaçulândia,ESCOLA MUNICIPAL POETA JOSE GOMES SOBRINHO,Urbana,Municipal
17069203,1716653,GUARAI,Pequizeiro,ESCOLA MUNICIPAL AYRTON SENNA,Urbana,Municipal
17069408,1721000,PALMAS,Palmas,ESCOLA MUNICIPAL DE TEMPO INTEGRAL EURIDICE FERREIRA DE MELLO,Urbana,Municipal
17069602,1710508,PEDRO AFONSO,Itacajá,ESCOLA ESTADUAL INDIGENA MACAUBA,Rural,Estadual
17069831,1709500,GURUPI,Gurupi,SESCLER - SERVICO SOCIAL DO COMERCIO,Urbana,Privada
17069840,1708205,GURUPI,Formoso do Araguaia,COOPERATIVA DE TRABALHO EDUCACIONAL DE FORMOSO DO ARAGUAIA - COLEGIO COOPEFA,Urbana,Privada
17069858,1709302,GUARAI,Guaraí,CENTRO MUNICIPAL DE EDUCACAO INFANTIL AQUARELA,Urbana,Municipal
17070007,1721000,PALMAS,Palmas,CENTRO MUNICIPAL DE EDUCACAO INFANTIL AMANCIO JOSE DE MORAES,Urbana,Municipal
17072000,1718204,PORTO NACIONAL,Porto Nacional,CENTRO DE EDUCACAO MUNICIPAL DO CAMPO CHICO MENDES,Rural,Municipal
17072026,1702109,ARAGUAINA,Araguaína,SESI - ESCOLA DE REFERENCIA DE ARAGUAINA - TOCANTINS,Urbana,Privada
17073804,1716208,ARRAIAS,Paranã,ESCOLA MUNICIPAL SANTA CRUZ,Rural,Municipal
17074800,1702109,ARAGUAINA,Araguaína,NUCLEO DE EDUCACAO INFANTIL HORAS ALEGRES,Urbana,Privada
17074819,1707009,DIANOPOLIS,Dianópolis,ESCOLA ESPECIAL COLIBRI,Urbana,Privada
17079802,1718303,ARAGUATINS,Praia Norte,ESCOLA MUNICIPAL MELQUIADES CARDOSO,Urbana,Municipal
17079810,1721000,PALMAS,Palmas,ESCOLA MUNICIPAL FRANCISCA BRANDAO RAMALHO,Urbana,Municipal
17081807,1721000,PALMAS,Palmas,COLEGIO POLIVALENTE DE PALMAS,Urbana,Privada
17082803,1716109,PARAISO,Paraíso do Tocantins,COLEGIO SAO GERALDO,Urbana,Privada
17083800,1718865,ARAGUAINA,Santa Fé do Araguaia,CEMI KARAJA - XAMBIOA,Rural,Estadual
17084806,1718865,ARAGUAINA,Santa Fé do Araguaia,ESCOLA INDIGENA TAINA HACKY,Rural,Estadual
17086809,1711100,GUARAI,Itaporã do Tocantins,ESCOLA MUNICIPAL DONA AUGUSTA MARIA DE JESUS,Urbana,Municipal
17087805,1710508,PEDRO AFONSO,Itacajá,ESCOLA ESTADUAL INDIGENA PRU PRU,Rural,Estadual
17087813,1716109,PARAISO,Paraíso do Tocantins,IFTO - CAMPUS PARAISO DO TOCANTINS,Urbana,Federal
17092817,1714880,ARAGUAINA,Nova Olinda,INSTITUICAO EDUCACIONAL MESSIAS SANTOS,Urbana,Privada
17093830,1701051,TOCANTINOPOLIS,Angico,COLEGIO ESTADUAL DULCE COELHO DE SOUSA,Urbana,Estadual
17093856,1721000,PALMAS,Palmas,CENTRO MUNICIPAL DE EDUCACAO INFANTIL SEMENTES DO AMANHA,Urbana,Municipal
17094810,1721000,PALMAS,Palmas,CENTRO EDUCACIONAL GENESIS,Urbana,Privada
17094828,1721000,PALMAS,Palmas,CENTRO MUNICIPAL DE EDUCACAO INFANTIL PARAISO INFANTIL,Urbana,Municipal
17095808,1702109,ARAGUAINA,Araguaína,COLEGIO ESTADUAL SONHO DE LIBERDADE,Rural,Estadual
17095816,1721000,PALMAS,Palmas,CENTRO MUNICIPAL DE EDUCACAO INFANTIL CONTOS DE FADA,Urbana,Municipal
17096804,1713205,MIRACEMA DO TOCANTINS,Miracema do Tocantins,CENTRO EDUCACIONAL FLOR DE LIRIO,Urbana,Privada
17096812,1721000,PALMAS,Palmas,CENTRO MUNICIPAL DE EDUCACAO INFANTIL FONTES DO SABER,Urbana,Municipal
17097800,1721000,PALMAS,Palmas,CENTRO MUNICIPAL DE EDUCACAO INFANTIL MATHEUS HENRIQUE DE CASTRO DOS SANTOS,Urbana,Municipal
17098807,1712702,PALMAS,Mateiros,ESCOLA ESTADUAL SILVERIO RIBEIRO DE MATOS,Rural,Estadual
17099811,1705508,COLINAS DO TOCANTINS,Colinas do Tocantins,INSTITUICAO EDUCACIONAL MESSIAS SANTOS,Urbana,Privada
17099820,1702901,ARAGUATINS,Axixá do Tocantins,ESC MUL SANTO EXPEDITO,Rural,Municipal
17101808,1718204,PORTO NACIONAL,Porto Nacional,ESCOLA MUNICIPAL ELIZA LOPES BARROS,Rural,Municipal
17102804,1718204,PORTO NACIONAL,Porto Nacional,CENTRO PROFISSIONALIZANTE DE ENSINO CBR BARAO DE RAMALHO,Urbana,Privada
17104807,1707553,PORTO NACIONAL,Fátima,ESCOLA ESPECIAL RENASCER,Urbana,Privada
17105803,1714203,PORTO NACIONAL,Natividade,ESCOLA ESPECIAL TIA CORACI DE SENA FERNANDES,Urbana,Privada
17106800,1718840,GURUPI,Sandolândia,ESCOLA INDIGENA BARRA DO RIO VERDE,Rural,Estadual
17106818,1709500,GURUPI,Gurupi,INSTITUTO EDUCACIONAL PASSO A PASSO,Urbana,Privada
17107806,1708205,GURUPI,Formoso do Araguaia,ESCOLA INDIGENA WATAKURI,Rural,Estadual
17110807,1709500,GURUPI,Gurupi,CENTRO EDUCACIONAL PINGO DE GENTE,Urbana,Privada
17112800,1709302,GUARAI,Guaraí,ESFOTEC LTDA,Urbana,Privada
17113806,1721109,MIRACEMA DO TOCANTINS,Tocantínia,ESCOLA ESTADUAL INDIGENA WAIKAWRA,Rural,Estadual
17114802,1702158,ARAGUAINA,Araguanã,CENTRO MUNICIPAL DE EDUCACAO INFANTIL MARIA DE NAZARE SILVA COSTA,Urbana,Municipal
17114810,1702554,ARAGUATINS,Augustinópolis,CENTRO EDUCACIONAL DE CURSOS PROFISSIONALIZANTES SANTA RITA,Urbana,Privada
17117801,1716208,ARRAIAS,Paranã,ESCOLA MUNICIPAL PROFESSORA CANDIDA,Rural,Municipal
17119804,1711951,PALMAS,Lagoa do Tocantins,CENTRO EDUCACIONAL INFANTIL JOCELI ALVES DOS SANTOS,Urbana,Municipal
17119812,1702109,ARAGUAINA,Araguaína,CENTRO EDUCACIONAL INFANTIL MUNICIPAL PROFESSORA MARIA DE FATIMA SANTOS OLIVEIRA,Urbana,Municipal
17119839,1721000,PALMAS,Palmas,ESCOLA MUNICIPAL PROFESSORA SAVIA FERNANDES JACOME,Urbana,Municipal
17120810,1721000,PALMAS,Palmas,CENTRO MUNICIPAL DE EDUCACAO INFANTIL PEQUENO PRINCIPE,Urbana,Municipal
17120829,1721000,PALMAS,Palmas,CENTRO MUNICIPAL DE EDUCACAO INFANTIL CANTINHO DA ALEGRIA,Urbana,Municipal
17121809,1702109,ARAGUAINA,Araguaína,CRECHE MUL CONSTANTINO PACIFICO DE OLIVEIRA TINO,Urbana,Municipal
17122805,1716109,PARAISO,Paraíso do Tocantins,COLEGIO MILITAR DO ESTADO DO TOCANTINS - DIACONIZIO BEZERRA DA SILVA,Urbana,Estadual
17122813,1711902,PARAISO,Lagoa da Confusão,ESC EST INDIGENA WEHERIA KARAJA,Rural,Estadual
17122821,1721000,PALMAS,Palmas,CENTRO MUNICIPAL DE EDUCACAO INFANTIL SONHO DE CRIANCA,Urbana,Municipal
17123801,1721000,PALMAS,Palmas,CENTRO MUNICIPAL DE EDUCACAO INFANTIL SITIO DO PICA-PAU AMARELO,Urbana,Municipal
17124808,1716505,PEDRO AFONSO,Pedro Afonso,CENTRO DE EDUCACAO INFANTIL MARANATHA,Urbana,Municipal
17125804,1702208,ARAGUATINS,Araguatins,ESCOLA ARTE DE CRESCER,Urbana,Privada
17127807,1721000,PALMAS,Palmas,ASSOCIACAO SANTA MARCELINA,Urbana,Privada
